/*
SQLyog Ultimate v12.4.3 (64 bit)
MySQL - 10.1.10-MariaDB : Database - memo_payment
*********************************************************************
*/

/*!40101 SET NAMES utf8 */;

/*!40101 SET SQL_MODE=''*/;

/*!40014 SET @OLD_UNIQUE_CHECKS=@@UNIQUE_CHECKS, UNIQUE_CHECKS=0 */;
/*!40014 SET @OLD_FOREIGN_KEY_CHECKS=@@FOREIGN_KEY_CHECKS, FOREIGN_KEY_CHECKS=0 */;
/*!40101 SET @OLD_SQL_MODE=@@SQL_MODE, SQL_MODE='NO_AUTO_VALUE_ON_ZERO' */;
/*!40111 SET @OLD_SQL_NOTES=@@SQL_NOTES, SQL_NOTES=0 */;
/*Table structure for table `_authority` */

DROP TABLE IF EXISTS `_authority`;

CREATE TABLE `_authority` (
  `group_id` int(11) NOT NULL,
  `module_id` int(11) NOT NULL,
  `insert` tinyint(1) NOT NULL DEFAULT '0',
  `update` tinyint(1) NOT NULL DEFAULT '0',
  `delete` tinyint(1) NOT NULL DEFAULT '0',
  `view` tinyint(1) NOT NULL DEFAULT '1',
  `detail` tinyint(1) NOT NULL DEFAULT '0',
  `print` tinyint(1) NOT NULL DEFAULT '0',
  `export_excel` tinyint(1) NOT NULL DEFAULT '0',
  `post` tinyint(1) NOT NULL DEFAULT '0',
  `cancel` tinyint(1) NOT NULL DEFAULT '0',
  `attachment` tinyint(1) NOT NULL DEFAULT '0',
  KEY `modul_id` (`module_id`),
  KEY `groups` (`group_id`),
  CONSTRAINT `_authority_ibfk_2` FOREIGN KEY (`module_id`) REFERENCES `_module` (`id`) ON DELETE CASCADE ON UPDATE CASCADE,
  CONSTRAINT `_authority_ibfk_3` FOREIGN KEY (`group_id`) REFERENCES `_group` (`id`) ON DELETE CASCADE ON UPDATE CASCADE
) ENGINE=InnoDB DEFAULT CHARSET=latin1;

/*Data for the table `_authority` */

insert  into `_authority`(`group_id`,`module_id`,`insert`,`update`,`delete`,`view`,`detail`,`print`,`export_excel`,`post`,`cancel`,`attachment`) values 
(2,3,0,0,0,1,0,0,0,0,0,0),
(2,4,0,0,0,1,0,0,0,0,0,0),
(2,5,0,0,0,1,0,0,0,0,0,0),
(2,6,0,0,0,1,0,0,0,0,0,0),
(2,7,1,1,1,1,0,1,0,1,1,1),
(2,8,1,1,1,1,0,1,0,1,1,1),
(2,9,1,1,1,1,0,1,0,1,1,1),
(3,7,1,1,1,1,0,1,0,1,1,1),
(3,8,1,1,1,1,0,1,0,1,1,1),
(3,9,1,1,1,1,0,1,0,1,1,1);

/*Table structure for table `_functional` */

DROP TABLE IF EXISTS `_functional`;

CREATE TABLE `_functional` (
  `id` int(11) NOT NULL AUTO_INCREMENT,
  `functional` varchar(30) NOT NULL,
  `note` varchar(200) DEFAULT NULL,
  PRIMARY KEY (`id`)
) ENGINE=InnoDB AUTO_INCREMENT=11 DEFAULT CHARSET=latin1;

/*Data for the table `_functional` */

insert  into `_functional`(`id`,`functional`,`note`) values 
(1,'insert',NULL),
(2,'update',NULL),
(3,'delete',NULL),
(4,'view',NULL),
(5,'export_excel',NULL),
(6,'print',NULL),
(7,'detail',NULL),
(8,'post',NULL),
(9,'attachment',NULL),
(10,'cancel',NULL);

/*Table structure for table `_group` */

DROP TABLE IF EXISTS `_group`;

CREATE TABLE `_group` (
  `id` int(11) NOT NULL AUTO_INCREMENT,
  `group_name` varchar(30) NOT NULL,
  `is_accounting` tinyint(1) NOT NULL DEFAULT '0',
  PRIMARY KEY (`id`),
  UNIQUE KEY `name` (`group_name`)
) ENGINE=InnoDB AUTO_INCREMENT=4 DEFAULT CHARSET=latin1;

/*Data for the table `_group` */

insert  into `_group`(`id`,`group_name`,`is_accounting`) values 
(1,'administrator',0),
(2,'accounting',1),
(3,'User',0);

/*Table structure for table `_log_delete` */

DROP TABLE IF EXISTS `_log_delete`;

CREATE TABLE `_log_delete` (
  `module_id` int(11) DEFAULT NULL,
  `user_id` int(11) DEFAULT NULL,
  `data` longtext,
  `log_date` timestamp NOT NULL DEFAULT CURRENT_TIMESTAMP,
  `note` varchar(200) DEFAULT NULL,
  KEY `module_id` (`module_id`),
  CONSTRAINT `_log_delete_ibfk_1` FOREIGN KEY (`module_id`) REFERENCES `_module` (`id`) ON DELETE NO ACTION ON UPDATE CASCADE
) ENGINE=InnoDB DEFAULT CHARSET=latin1;

/*Data for the table `_log_delete` */

/*Table structure for table `_log_update` */

DROP TABLE IF EXISTS `_log_update`;

CREATE TABLE `_log_update` (
  `module_id` int(11) NOT NULL,
  `column_name` varchar(30) NOT NULL,
  `value` varchar(250) DEFAULT NULL,
  `last_value` varchar(250) DEFAULT NULL,
  `log_date` timestamp NOT NULL DEFAULT CURRENT_TIMESTAMP,
  `user_id` int(11) NOT NULL,
  `note` varchar(200) DEFAULT NULL,
  KEY `module_id` (`module_id`),
  CONSTRAINT `_log_update_ibfk_1` FOREIGN KEY (`module_id`) REFERENCES `_module` (`id`) ON DELETE CASCADE ON UPDATE CASCADE
) ENGINE=InnoDB DEFAULT CHARSET=latin1;

/*Data for the table `_log_update` */

/*Table structure for table `_module` */

DROP TABLE IF EXISTS `_module`;

CREATE TABLE `_module` (
  `id` int(11) NOT NULL AUTO_INCREMENT,
  `module_name` varchar(50) NOT NULL,
  `alias` varchar(50) DEFAULT NULL,
  `note` varchar(200) DEFAULT NULL,
  PRIMARY KEY (`id`)
) ENGINE=InnoDB AUTO_INCREMENT=18 DEFAULT CHARSET=latin1;

/*Data for the table `_module` */

insert  into `_module`(`id`,`module_name`,`alias`,`note`) values 
(1,'user','User','Form untuk data user'),
(2,'otoritas','Otoritas','Form untuk manage otoritas user'),
(3,'company','Company','Form untuk data company'),
(4,'department','Department','Form untuk data department'),
(5,'rekening','Rekening','Form untuk data rekening'),
(6,'vehicle','Vehicle','Form untuk data vehicle'),
(7,'monthly_expense','Monthly Expense','Form untuk data monthly expense'),
(8,'memo_payment','Memo Payment','Form untuk data memo payment'),
(9,'petty_chash','Petty Chash','Form untuk data petty chash'),
(10,'area','Area','Form untuk data area'),
(11,'customer','Customer','Form untuk data customer'),
(12,'supplier','Supplier','Form untuk data supplier'),
(13,'wh','WH','Form untuk data warehouse'),
(14,'worker','Worker','Form untuk data worker'),
(15,'me_type','ME Type','Form untuk data tipe monthly expense'),
(16,'mp_type','MP Type','Form untuk data tipe Memo Payment'),
(17,'pc_type','PC Type','Form untuk data tipe petty cash');

/*Table structure for table `_module_functional` */

DROP TABLE IF EXISTS `_module_functional`;

CREATE TABLE `_module_functional` (
  `module_id` int(11) NOT NULL,
  `functional_id` int(11) NOT NULL,
  KEY `modul_id` (`module_id`),
  KEY `functional_id` (`functional_id`),
  CONSTRAINT `_module_functional_ibfk_1` FOREIGN KEY (`module_id`) REFERENCES `_module` (`id`),
  CONSTRAINT `_module_functional_ibfk_2` FOREIGN KEY (`functional_id`) REFERENCES `_functional` (`id`)
) ENGINE=InnoDB DEFAULT CHARSET=latin1;

/*Data for the table `_module_functional` */

insert  into `_module_functional`(`module_id`,`functional_id`) values 
(3,1),
(3,2),
(3,3),
(3,4),
(3,5),
(3,6),
(3,7),
(4,1),
(4,2),
(4,3),
(4,4),
(4,5),
(4,6),
(4,7),
(5,1),
(5,2),
(5,3),
(5,4),
(5,5),
(5,6),
(5,7),
(6,1),
(6,2),
(6,3),
(6,4),
(6,5),
(6,6),
(6,7),
(7,1),
(7,2),
(7,3),
(7,4),
(7,6),
(7,8),
(7,9),
(7,10),
(8,1),
(8,2),
(8,3),
(8,4),
(8,6),
(8,8),
(8,9),
(8,10),
(9,1),
(9,2),
(9,3),
(9,4),
(9,6),
(9,8),
(9,9),
(9,10),
(10,1),
(10,2),
(10,3),
(10,4),
(10,5),
(10,6),
(10,7),
(11,1),
(11,2),
(11,3),
(11,4),
(11,5),
(11,6),
(11,7),
(12,1),
(12,2),
(12,3),
(12,4),
(12,5),
(12,6),
(12,7),
(13,1),
(13,2),
(13,3),
(13,4),
(13,5),
(13,6),
(13,7),
(14,1),
(14,2),
(14,3),
(14,4),
(14,5),
(14,6),
(14,7),
(15,1),
(15,2),
(15,3),
(15,4),
(15,5),
(15,6),
(15,7),
(16,1),
(16,2),
(16,3),
(16,4),
(16,5),
(16,6),
(16,7),
(17,1),
(17,2),
(17,3),
(17,4),
(17,5),
(17,6),
(17,7);

/*Table structure for table `keys` */

DROP TABLE IF EXISTS `keys`;

CREATE TABLE `keys` (
  `id` int(10) unsigned NOT NULL AUTO_INCREMENT,
  `user_id` int(10) DEFAULT NULL,
  `key` varchar(40) NOT NULL,
  `level` int(11) NOT NULL,
  `ignore_limits` tinyint(4) NOT NULL DEFAULT '0',
  `is_private_key` tinyint(4) NOT NULL DEFAULT '0',
  `ip_addresses` text,
  `date_created` timestamp NOT NULL DEFAULT CURRENT_TIMESTAMP,
  PRIMARY KEY (`id`),
  UNIQUE KEY `key` (`key`),
  KEY `user_id` (`user_id`),
  CONSTRAINT `keys_ibfk_1` FOREIGN KEY (`user_id`) REFERENCES `master_user` (`id`) ON DELETE CASCADE ON UPDATE CASCADE
) ENGINE=InnoDB AUTO_INCREMENT=4 DEFAULT CHARSET=utf8;

/*Data for the table `keys` */

insert  into `keys`(`id`,`user_id`,`key`,`level`,`ignore_limits`,`is_private_key`,`ip_addresses`,`date_created`) values 
(3,1,'wwswskkkwoo8o8skgwsw8cg4w4cg48wokck04k4o',10,0,0,NULL,'2019-08-26 09:40:43');

/*Table structure for table `logs` */

DROP TABLE IF EXISTS `logs`;

CREATE TABLE `logs` (
  `id` int(10) unsigned NOT NULL AUTO_INCREMENT,
  `api_key` varchar(40) NOT NULL,
  `uri` varchar(255) NOT NULL,
  `method` varchar(10) NOT NULL,
  `params` text,
  `ip_address` varchar(45) NOT NULL,
  `time` int(11) NOT NULL,
  `rtime` float DEFAULT NULL,
  `authorized` varchar(1) NOT NULL,
  `response_code` smallint(6) DEFAULT '0',
  PRIMARY KEY (`id`)
) ENGINE=InnoDB DEFAULT CHARSET=utf8;

/*Data for the table `logs` */

/*Table structure for table `master_area` */

DROP TABLE IF EXISTS `master_area`;

CREATE TABLE `master_area` (
  `area_code` varchar(10) NOT NULL,
  `company_code` varchar(3) DEFAULT NULL,
  `area_name` varchar(20) DEFAULT NULL,
  PRIMARY KEY (`area_code`),
  KEY `company_code` (`company_code`),
  CONSTRAINT `master_area_ibfk_1` FOREIGN KEY (`company_code`) REFERENCES `master_company` (`company_code`) ON UPDATE CASCADE
) ENGINE=InnoDB DEFAULT CHARSET=latin1;

/*Data for the table `master_area` */

insert  into `master_area`(`area_code`,`company_code`,`area_name`) values 
('CKR','MFD','MFD Cikarang');

/*Table structure for table `master_company` */

DROP TABLE IF EXISTS `master_company`;

CREATE TABLE `master_company` (
  `company_code` varchar(3) NOT NULL,
  `company_name` varchar(30) DEFAULT NULL,
  PRIMARY KEY (`company_code`)
) ENGINE=InnoDB DEFAULT CHARSET=latin1;

/*Data for the table `master_company` */

insert  into `master_company`(`company_code`,`company_name`) values 
('MFD','MALINDO FOOD DELIGHT');

/*Table structure for table `master_cost_center` */

DROP TABLE IF EXISTS `master_cost_center`;

CREATE TABLE `master_cost_center` (
  `cost_center_code` varchar(10) NOT NULL,
  `description` varchar(20) DEFAULT NULL,
  PRIMARY KEY (`cost_center_code`)
) ENGINE=InnoDB DEFAULT CHARSET=latin1;

/*Data for the table `master_cost_center` */

insert  into `master_cost_center`(`cost_center_code`,`description`) values 
('C001','Production'),
('C002','Admin'),
('C003','Marketing');

/*Table structure for table `master_customer` */

DROP TABLE IF EXISTS `master_customer`;

CREATE TABLE `master_customer` (
  `customer_id` varchar(10) NOT NULL,
  `customer_name` varchar(30) DEFAULT NULL,
  `customer_group` varchar(30) DEFAULT NULL,
  PRIMARY KEY (`customer_id`)
) ENGINE=InnoDB DEFAULT CHARSET=latin1;

/*Data for the table `master_customer` */

insert  into `master_customer`(`customer_id`,`customer_name`,`customer_group`) values 
('CA000001','MALINDO FOOD DELIGHT; PT','CG08'),
('CA000002','PT MALINDO FEEDMILL TBK','CG08\r'),
('CA000003','PT MALINDO FEEDMILL TBK','CG08\r'),
('CA000004','PT TELUR INDONESIA','CG01\r'),
('CA000005','PT BIBIT INDONESIA','CG08\r'),
('CA000006','PT. QUALITY INDONESIA','CG01\r'),
('CA000007','AREA BANDUNG','CG01\r'),
('CA000008','AREA JAKARTA','CG07\r'),
('CA000009','AREA SEMARANG','CG07\r'),
('CA000010','AREA SURABAYA','CG01\r'),
('CA000011','AREA YOGYAKARTA','CG07\r'),
('CA000012','SAMPLE BANDUNG','CG01\r'),
('CA000013','SAMPLE JAKARTA','CG10\r'),
('CA000014','SAMPLE SEMARANG','CG10\r'),
('CA000015','SAMPLE SURABAYA','CG01\r'),
('CA000016','SAMPLE YOGYAKARTA','CG01\r'),
('CA000017','KARYAWAN CIKARANG','CG07\r'),
('CA000018','KARYAWAN JAKARTA','CG07\r'),
('CA000019','KARYAWAN BANDUNG','CG07\r'),
('CA000020','KARYAWAN SEMARANG','CG07\r'),
('CA000021','KARYAWAN YOGYAKARTA','CG07\r'),
('CA000022','KARYAWAN SURABAYA','CG07\r'),
('CA000023','RAJA AMPAT','CG01\r'),
('CA000024','CV. PENDAWA LIMA SEJAHTERA','CG07\r'),
('CA000025','CV. KOMALA AGUNG PERKASA','CG01\r'),
('CA000026','PT. API METRA BOGA','CG10\r'),
('CA000027','PT.ALFA RETAILINDO','CG02\r'),
('CA000028','PT BHAKTI KARYA CEMERLANG','CG03\r'),
('CA000029','PT CENTRAL REZEKI COLD STORAGE','CG10\r'),
('CA000030','PT GRAHA SIDANG PRATAMA','CG03\r'),
('CA000031','PT HERO SUPERMARKET TBK','CG02\r'),
('CA000032','PT KAGE DWIJAYA','CG10\r'),
('CA000033','PT KURNIAPHILEO SELARAS','CG10\r'),
('CA000034','PT LION SUPERINDO','CG02\r'),
('CA000035','PT LOTTE MART INDONESIA','CG02\r'),
('CA000036','PT LOTTE SHOPPING INDONESIA','CG02\r'),
('CA000037','CV LILIANA GOURMETAMA','CG03\r'),
('CA000038','PT. LULU GROUP RETAIL','CG10\r'),
('CA000039','PT MATAHARI PUTRA PRIMA TBK','CG02\r'),
('CA000040','PT MODERN SEVEL INDONESIA','CG03\r'),
('CA000041','PT MEGA MAHADANA HADIYA','CG10\r'),
('CA000042','\"PT MIDI UTAMA INDONESIA','TBK\"'),
('CA000043','CV NAGA SWALAYAN','CG10\r'),
('CA000044','PT PUTERA GRAHA SEMBADA','CG03\r'),
('CA000045','PT REZEKI SUPER MARKETING','CG10\r'),
('CA000046','PT SUPRA BOGA LESTARI TBK','CG02\r'),
('CA000047','CV.SAGA RETAILINDO SORONG','CG10\r'),
('CA000048','CV.SAGA SUPERMARKET','CG10\r'),
('CA000049','PT TRANS RETAIL INDONESIA','CG02\r'),
('CA000050','PT TALKINDO SELAKSA ANUGRAH','CG03\r'),
('CA000051','PT. TIP TOP','CG10\r'),
('CA000052','PT USAHA AGANTEA INDONESIA','CG03\r'),
('CA000053','PT ASIA TRITUNGGAL JAYA','CG10\r'),
('CA000054','PT. HARJA GUNATAMA LESTARI','CG10\r'),
('CA000055','PT PANCA TOKMA LESTARI','CG10\r'),
('CA000056','CV.PAJAJARAN','CG10\r'),
('CA000057','SWALAYAN PROGO','CG10\r'),
('CA000058','RAMAI SUPERMARKET','CG10\r'),
('CA000059','PT. GS RETAIL INDONESIA','CG10\r'),
('CA000060','PT.GREENLAND RAJAWALI UTAMA','CG03\r'),
('CA000061','PT AEROFOOD INDONESIA','CG03\r'),
('CA000062','PT.CHICAGO STAR CORP','CG03\r'),
('CA000063','ALI WONGSO','CG01\r'),
('CA000064','ARIFIN KUSNADI','CG01\r'),
('CA000065','IR. AMIN','CG01\r'),
('CA000066','ARI YUDIANTO','CG01\r'),
('CA000067','ANUGERAH FROZEN','CG01\r'),
('CA000068','ARYA NATANAEL T.T','CG01\r'),
('CA000069','ARBY RUMAH NUGGET','CG01\r'),
('CA000070','TOKO ANYAR','CG01\r'),
('CA000071','AG FROZEN FOOD','CG01\r'),
('CA000072','TOKO AA SAYUR','CG01\r'),
('CA000073','TOKO ALVIAN','CG01\r'),
('CA000074','TOKO AYU FROZEN','CG01\r'),
('CA000075','AJI JAYA MANDIRI','CG01\r'),
('CA000076','PT ANTOFROZENFOOD MAKMUR ABADI','CG01\r'),
('CA000077','ANGGI PUTRA','CG01\r'),
('CA000078','ANDI NUGGET','CG01\r'),
('CA000079','ASTONO MAKWIDI','CG01\r'),
('CA000080','ARIS BAKSO','CG01\r'),
('CA000081','TOKO AZZAHRA','CG01\r'),
('CA000082','BUDI WIDODO','CG01\r'),
('CA000083','BILLY JAYA','CG01\r'),
('CA000084','BAROKAH JAYA FROZEN','CG01\r'),
('CA000085','BAROKAH MAKMUR FROZEN FOOD','CG01\r'),
('CA000086','H. BUSTANUL ARIFIN','CG01\r'),
('CA000087','BERKAH JAYA FROZEN','CG01\r'),
('CA000088','CIKAM SUTIRNO','CG01\r'),
('CA000089','55 CHOICE','CG01\r'),
('CA000090','CAHAYA FROZEN','CG01\r'),
('CA000091','TOKO CAHAYA FOOD','CG01\r'),
('CA000092','CIREMAI BAKSO','CG01\r'),
('CA000093','CAKRAWALA FROZEN FOOD','CG01\r'),
('CA000094','CEMERLANG NUGGET','CG01\r'),
('CA000095','CORNER D SOS','CG01\r'),
('CA000096','PT.CAKRA TIRTA AMERTA','CG01\r'),
('CA000097','CAHYA FOOD','CG01\r'),
('CA000098','DAVID HERMANSYAH','CG01\r'),
('CA000099','DEMAS DAMBO','CG01\r'),
('CA000100','MUHAMMAD DARSO','CG01\r'),
('CA000101','DEKY LONANDA','CG01\r'),
('CA000102','DWI PRASETYO','CG01\r'),
('CA000103','DAMMAY FROZEN','CG01\r'),
('CA000104','RR. DEVI ARDANARISWARI','CG01\r'),
('CA000105','DIDI HARISON ALI','CG01\r'),
('CA000106','D`D FROZEEN','CG01\r'),
('CA000107','DEAL COLLECTION','CG01\r'),
('CA000108','DUA PUTRA','CG01\r'),
('CA000109','DETON','CG01\r'),
('CA000110','ELIANA','CG01\r'),
('CA000111','EFFENDY','CG01\r'),
('CA000112','\"EVYLIANA DIAPARY',' SE\"'),
('CA000113','ELIS MUNAWAROH','CG01\r'),
('CA000114','ELLSA NOVERTA','CG01\r'),
('CA000115','EKO RINI KRISTINAWATIE','CG01\r'),
('CA000116','ES LILIN BANDUNG','CG01\r'),
('CA000117','TOKO ERWIN','CG01\r'),
('CA000118','TOKO EKO NUGET','CG01\r'),
('CA000119','FERRY KURNIAWAN','CG01\r'),
('CA000120','FAUZI IRMA','CG01\r'),
('CA000121','TOKO FIKRI JAYA','CG01\r'),
('CA000122','FREEZY FROZEN','CG01\r'),
('CA000123','R.A. FRESH MART','CG01\r'),
('CA000124','FEBRI HIDAYAT','CG01\r'),
('CA000125','FARHAN FROZEN','CG01\r'),
('CA000126','FREZEE FOOD','CG01\r'),
('CA000127','FROZMART','CG01\r'),
('CA000128','FOHAIDY IWAN','CG01\r'),
('CA000129','FROZMART 2','CG01\r'),
('CA000130','GEORDIE MUDITA','CG01\r'),
('CA000131','TOKO GROGOL JAYA','CG01\r'),
('CA000132','GLADIES FROZEN FOOD','CG01\r'),
('CA000133','TOKO GROSIR NUGET','CG01\r'),
('CA000134','TOKO GOOD WIN FOOD','CG01\r'),
('CA000135','GRIYA NUGGET','CG01\r'),
('CA000136','HENDRA NOVRIZAL NG','CG01\r'),
('CA000137','HERMAT','CG01\r'),
('CA000138','HENDRI','CG01\r'),
('CA000139','TOKO HARAPAN BARU','CG01\r'),
('CA000140','HERMAN USMAN','CG01\r'),
('CA000141','HENDRIK','CG01\r'),
('CA000142','HERDENI','CG01\r'),
('CA000143','HARJANTO','CG01\r'),
('CA000144','HARNI OKTAVIANA','CG01\r'),
('CA000145','HAMKA RUDIN','CG01\r'),
('CA000146','HIDIH VIRGO','CG01\r'),
('CA000147','HARYANTO GUNAWAN','CG01\r'),
('CA000148','HARTANTO YUDHA PRAWIRA','CG01\r'),
('CA000149','HEGAR FOODS','CG01\r'),
('CA000150','IVAN SUHANDA','CG01\r'),
('CA000151','ING IN','CG01\r'),
('CA000152','PT INTI WAHANA NUSANTARA','CG01\r'),
('CA000153','IRDA INGRIANY NUGRAHA','CG01\r'),
('CA000154','IBROHIM','CG01\r'),
('CA000155','TOKO INDRIA FROZEN','CG01\r'),
('CA000156','IREN FROZEN FOOD','CG01\r'),
('CA000157','ICA NUGGET','CG01\r'),
('CA000158','IMA FROZEN','CG01\r'),
('CA000159','IMAM SAFEI','CG01\r'),
('CA000160','JUNAIDI ABDILAH','CG01\r'),
('CA000161','JENAWATI TIONY','CG01\r'),
('CA000162','TOKO JOKO BURGER','CG01\r'),
('CA000163','JEANNE JAYANTI HALIMSJAH','CG01\r'),
('CA000164','CV JAVA MANDIRI SUPPLIER','CG01\r'),
('CA000165','KENG SIAN HOA','CG01\r'),
('CA000166','TOKO KELAPA DUA','CG01\r'),
('CA000167','PT KREASINDO NIAGA GEMILANG','CG01\r'),
('CA000168','KAWAN KITA','CG01\r'),
('CA000169','KADIRIN','CG01\r'),
('CA000170','CV.KARYA MITRA JAYA','CG01\r'),
('CA000171','KANSA FROZEN FOOD','CG01\r'),
('CA000172','LIO NARDO','CG01\r'),
('CA000173','PT LOUIS DREYFUS COMMODITIES I','CG01\r'),
('CA000174','PT LAUTAN LUAS TBK','CG01\r'),
('CA000175','LIU MIE NGO','CG01\r'),
('CA000176','LUSIANA HANIWATI','CG01\r'),
('CA000177','TOKO LIA SOSIS','CG01\r'),
('CA000178','PT LAUTAN BINTANG JAYA','CG01\r'),
('CA000179','LINA APRILLIA','CG01\r'),
('CA000180','LUIKA FROZZEN','CG01\r'),
('CA000181','LOVELY FROZEN','CG01\r'),
('CA000182','MUCHALIF','CG01\r'),
('CA000183','MUGIHARTI','CG01\r'),
('CA000184','MATIUS LIBRA','CG01\r'),
('CA000185','MURSID','CG01\r'),
('CA000186','A I MULYATI','CG01\r'),
('CA000187','PT MULTICIPTA MULIA ABADI','CG01\r'),
('CA000188','MASHADI','CG01\r'),
('CA000189','MARIA WIJAYA','CG01\r'),
('CA000190','MINIMARKET SOLIAMITRA','CG01\r'),
('CA000191','MUJIBATUL QOMAR','CG01\r'),
('CA000192','MUKTI ALI','CG01\r'),
('CA000193','MERRY`S SOSIS','CG01\r'),
('CA000194','TOKO MARSA','CG01\r'),
('CA000195','MUTIA NUGGET','CG01\r'),
('CA000196','TK.MIDUN','CG01\r'),
('CA000197','NURJANAH','CG01\r'),
('CA000198','M. NUR ROHMAN','CG01\r'),
('CA000199','NURBUTIATI','CG01\r'),
('CA000200','NYOMAN SUARTINI','CG01\r'),
('CA000201','NURAFNI OKTAVIA','CG01\r'),
('CA000202','NUR KAMALIAH','CG01\r'),
('CA000203','NOVIANTI','CG01\r'),
('CA000204','NANI SURYANINGSIH','CG01\r'),
('CA000205','TOKO NIKEN','CG01\r'),
('CA000206','TOKO NUGGET DAN BATIK','CG01\r'),
('CA000207','TOKO NANDA','CG01\r'),
('CA000208','TOKO NAGET 87','CG01\r'),
('CA000209','NUGGET TAMAN NAROGONG','CG01\r'),
('CA000210','TOKO NADILA','CG01\r'),
('CA000211','NUGET AKMAL','CG01\r'),
('CA000212','PT.NAGAMAS MULIA ABADI','CG01\r'),
('CA000213','N FROZEN','CG01\r'),
('CA000214','TOKO PUTRI FROZEN FOOD','CG01\r'),
('CA000215','CV PUTRA SUKSES MANDIRI','CG01\r'),
('CA000216','PUTRA KURNIA','CG01\r'),
('CA000217','PUTRA MANDIRI NUGET','CG01\r'),
('CA000218','PONDOK NUGET','CG01\r'),
('CA000219','CV.PRADA PANGAN SEJAHTERA','CG01\r'),
('CA000220','PESONA NAGGET','CG01\r'),
('CA000221','TOKO PAHEKA FROZEN FOOD','CG01\r'),
('CA000222','TOKO PELANGI NUGET','CG01\r'),
('CA000223','TOKO PARMAN','CG01\r'),
('CA000224','ROOSWITI','CG01\r'),
('CA000225','RINTO','CG01\r'),
('CA000226','RIZARD EDWIN WAWOLANGI','CG01\r'),
('CA000227','RIWAYAT H','CG01\r'),
('CA000228','RONI','CG01\r'),
('CA000229','RANDY SUDARMA','CG01\r'),
('CA000230','RUMAH SOSIS DAN FRIED CHICKEN','CG01\r'),
('CA000231','RYAN ZULHAM RAMADHANI','CG01\r'),
('CA000232','REZA JAYA FROZEN','CG01\r'),
('CA000233','RETNO WIDIYAWATI','CG01\r'),
('CA000234','UD RISKA','CG01\r'),
('CA000235','RINA HERLINA','CG01\r'),
('CA000236','RETNO SAYUR','CG01\r'),
('CA000237','RUMAH NAGET','CG01\r'),
('CA000238','ROCHIM','CG01\r'),
('CA000239','RITUL FROZEN FOOD','CG01\r'),
('CA000240','RAHMA JAYA','CG01\r'),
('CA000241','RIZKI FROZEN','CG01\r'),
('CA000242','ROSID','CG01\r'),
('CA000243','RIFQI RAIHAN MANDIRI','CG01\r'),
('CA000244','TOKO PAK RODENG','CG01\r'),
('CA000245','RAJA BURGER GRUP','CG01\r'),
('CA000246','SAMSUDIN','CG01\r'),
('CA000247','SUPARMIN','CG01\r'),
('CA000248','SRI WULAN','CG01\r'),
('CA000249','SURONO','CG01\r'),
('CA000250','SLAMET','CG01\r'),
('CA000251','SUGARNO','CG01\r'),
('CA000252','SUBUR JULIANI','CG01\r'),
('CA000253','SRI REJEKI','CG01\r'),
('CA000254','SCENIA','CG01\r'),
('CA000255','PT SURI NUSANTARA JAYA','CG01\r'),
('CA000256','PT SWA KARYA SEJAHTERA','CG01\r'),
('CA000257','TOKO SION','CG01\r'),
('CA000258','TOKO H SOBARI','CG01\r'),
('CA000259','TOKO SIANE','CG01\r'),
('CA000260','SUHERTAN YUDIWIPUTRA','CG01\r'),
('CA000261','SARI RASA FROZEN','CG01\r'),
('CA000262','STOCK POINT CIRACAS','CG01\r'),
('CA000263','SILVIA','CG01\r'),
('CA000264','SUKAPURA NUGET','CG01\r'),
('CA000265','SRI WAHYUNI','CG01\r'),
('CA000266','SAFITRI','CG01\r'),
('CA000267','SINAR KUDUS','CG01\r'),
('CA000268','SITI SUNDARIYAH','CG01\r'),
('CA000269','TOKO HJ.SUTARNI','CG01\r'),
('CA000270','SUMBER FROZEN','CG01\r'),
('CA000271','TK. SOVINA FROZEN FOOD','CG01\r'),
('CA000272','TOHARUN','CG01\r'),
('CA000273','TEGUH TANSIL SYAMSU','CG01\r'),
('CA000274','THIO SIAN HWA','CG01\r'),
('CA000275','TOTONAFO GEA','CG01\r'),
('CA000276','PT TARTINDO BOGA MAKMUR','CG01\r'),
('CA000277','A.TABRONI','CG01\r'),
('CA000278','TYRA FRESH','CG01\r'),
('CA000279','TK. TATI','CG01\r'),
('CA000280','UMS JONI BASO','CG01\r'),
('CA000281','UTAMA FRESH','CG01\r'),
('CA000282','TK. USAHA FOOD','CG01\r'),
('CA000283','WAHYU HARSONO','CG01\r'),
('CA000284','WARNALINTON SIMANULLANG','CG01\r'),
('CA000285','WANIARTI','CG01\r'),
('CA000286','WAROENG BURGER','CG01\r'),
('CA000287','TOKO WULAN','CG01\r'),
('CA000288','WAHYU RIST RIA','CG01\r'),
('CA000289','TOKO WINDAH','CG01\r'),
('CA000290','YUDHA KURNIA','CG01\r'),
('CA000291','TOKO YOYO','CG01\r'),
('CA000292','YUSRIFAH','CG01\r'),
('CA000293','YERFY SANDRA','CG01\r'),
('CA000294','YUDI TRIADI','CG01\r'),
('CA000295','YAYAH AGUSTINA','CG01\r'),
('CA000296','YULIA RISQITIKA PERMATA SARI','CG01\r'),
('CA000297','YOMII FROZEN','CG01\r'),
('CA000298','TOKO YONO TAHU','CG01\r'),
('CA000299','ZULMAITA','CG01\r'),
('CA000300','ZAKIA FROZEN','CG01\r'),
('CA000301','TK. ZAHWA','CG01\r'),
('CA000303','PD ALERGA','CG01\r'),
('CA000304','PD. AGUS SOSIS','CG01\r'),
('CA000305','ALI WAHAB TKO','CG01\r'),
('CA000306','AGUNG SOSIS','CG01\r'),
('CA000307','AL-ANUGERAH','CG01\r'),
('CA000308','PD AJAT','CG01\r'),
('CA000309','ARDI','CG01\r'),
('CA000310','AGI NURYANA','CG01\r'),
('CA000311','AKIM','CG01\r'),
('CA000312','AWAN HERYANTO','CG01\r'),
('CA000313','APOLLO FOOD','CG01\r'),
('CA000314','ARIF RAHMAN','CG01\r'),
('CA000315','AYAM POTONG DULUR','CG01\r'),
('CA000316','TOKO ADE SAYUR','CG01\r'),
('CA000317','TOKO H.ADAR','CG01\r'),
('CA000318','PT AKUR PRATAMA','CG02\r'),
('CA000319','AL-HABSYI FOOD','CG01\r'),
('CA000320','BAKSO SUPER AA','CG01\r'),
('CA000321','BASO 48','CG01\r'),
('CA000322','BERKAH FOOD','CG01\r'),
('CA000323','CICEU KUSNAWATI','CG01\r'),
('CA000324','CARDA','CG01\r'),
('CA000325','TOKO 27 CHARLEI KISMAN','CG01\r'),
('CA000326','CARISKA MULYA','CG01\r'),
('CA000327','CICIH','CG01\r'),
('CA000328','DANU','CG01\r'),
('CA000329','DEDEN BURHANUDIN','CG01\r'),
('CA000330','DI GRASIAS','CG01\r'),
('CA000331','DIDIN SAMSUDIN','CG01\r'),
('CA000332','DEDI RUSNADI','CG01\r'),
('CA000333','DIAN BASO','CG01\r'),
('CA000334','IBU DEDE BASRENG','CG01\r'),
('CA000335','CV.DUA MUTIARA','CG01\r'),
('CA000336','DIAN HAELANI','CG01\r'),
('CA000337','ELIN MARLINA','CG01\r'),
('CA000338','ENTIS SUTISNA','CG01\r'),
('CA000339','ENDANG SUMARNA','CG01\r'),
('CA000340','EASY MEAL','CG01\r'),
('CA000341','EDO','CG01\r'),
('CA000342','ERNA LUSMINA','CG01\r'),
('CA000343','ELVINA TJANDRASA','CG01\r'),
('CA000344','EUIS MAEMUNAH','CG01\r'),
('CA000345','EASY COOK','CG01\r'),
('CA000346','ELLY SUDJANA','CG01\r'),
('CA000347','EMAR SUMARNA','CG01\r'),
('CA000348','TK FINA JAYA','CG01\r'),
('CA000349','TOKO F-THREE','CG01\r'),
('CA000350','FATHIR','CG01\r'),
('CA000351','PD HAPPY FAMILY','CG01\r'),
('CA000352','HERU','CG01\r'),
('CA000353','PD. HIRDA DUTA','CG01\r'),
('CA000354','HOSE FOOD','CG01\r'),
('CA000355','HOTMARIA NAIBAHO','CG01\r'),
('CA000356','HARMIN DWI HANDAYANI','CG01\r'),
('CA000357','IYUS RUSMANA','CG01\r'),
('CA000358','IRMA MARDIYANA','CG01\r'),
('CA000359','IKA DIANAWATI','CG01\r'),
('CA000360','IRWAN FADHILLAH','CG01\r'),
('CA000361','IIS SUSILAWATI','CG01\r'),
('CA000362','IRMA HERMAWIANTI','CG01\r'),
('CA000363','IRPAN NUGRAHA','CG01\r'),
('CA000364','INMONS FROZEN FOOD','CG01\r'),
('CA000365','TOKO JONI','CG01\r'),
('CA000366','TOKO JUJU BASO','CG01\r'),
('CA000367','JENDRA RAHMAT','CG01\r'),
('CA000368','KENANGA JAYA','CG01\r'),
('CA000369','KUSNADI','CG01\r'),
('CA000370','KAEL NUGGET','CG01\r'),
('CA000371','KAMJA','CG01\r'),
('CA000372','KUSYANA','CG01\r'),
('CA000373','LUMBUNG SOSIS','CG01\r'),
('CA000374','LINDA RILAWATI','CG01\r'),
('CA000375','LUCKY','CG01\r'),
('CA000376','IBU LILIS','CG01\r'),
('CA000377','PD MANDIRI','CG01\r'),
('CA000378','UD. MULIA ABADI','CG01\r'),
('CA000379','TOKO MURNI','CG01\r'),
('CA000380','MUSLIM HIDAYATULLOH','CG01\r'),
('CA000381','TOKO MUSTIKA STICK','CG01\r'),
('CA000382','IR MULYANA PURNAMA','CG01\r'),
('CA000383','MULTAZAM','CG01\r'),
('CA000384','PD NOVITA','CG01\r'),
('CA000385','PD.NS','CG01\r'),
('CA000386','HJ. NINA ZAYYINAH. BA','CG01\r'),
('CA000387','HJ.ONOH FATONAH','CG01\r'),
('CA000388','HAJI OMAN','CG01\r'),
('CA000389','KOPERASI PT PRIMARINDO','CG01\r'),
('CA000390','RONNY SUTONO','CG01\r'),
('CA000391','TOKO RIZMA','CG01\r'),
('CA000392','RIZTA FROZEN','CG01\r'),
('CA000393','RAHMAT CS','CG01\r'),
('CA000394','RIKI BASO','CG01\r'),
('CA000395','SRI TATI','CG01\r'),
('CA000396','SUBUR','CG01\r'),
('CA000397','SUMBER ALAM LESTARI','CG01\r'),
('CA000398','SAKINAH SWALAYAN','CG01\r'),
('CA000399','TOKO SUMBER RAHAYU','CG01\r'),
('CA000400','SUWARSO','CG01\r'),
('CA000401','SUHERMAN','CG01\r'),
('CA000402','SUDIRMAN','CG01\r'),
('CA000403','PT. SURYA CHANDRA LESTARI','CG01\r'),
('CA000404','SENTRA FROZEN FOOD','CG01\r'),
('CA000405','SRI YANTI','CG01\r'),
('CA000406','SAMSUDIN','CG01\r'),
('CA000407','\"SAKINAH',' TK\"'),
('CA000408','SUYANTO','CG01\r'),
('CA000409','SRI NURHAENI','CG01\r'),
('CA000410','SUBUR JAYA','CG01\r'),
('CA000411','SALEH SAYUR','CG01\r'),
('CA000412','TK SAN SOSIS','CG01\r'),
('CA000413','SUMARNI','CG01\r'),
('CA000414','SRIKATON MM','CG01\r'),
('CA000415','SILVIA FRANSISKA','CG01\r'),
('CA000416','SRI NURHAYATI','CG01\r'),
('CA000417','TATANG HIDAYAT','CG01\r'),
('CA000418','TRI RISTUTI','CG01\r'),
('CA000419','TOKO TULUS','CG01\r'),
('CA000420','BAPAK TARNO','CG01\r'),
('CA000421','TOTAL FROZEN FOOD','CG01\r'),
('CA000422','TOKO TRIMULYA','CG01\r'),
('CA000423','USANG','CG01\r'),
('CA000424','PD UNGGUL PUTRA','CG01\r'),
('CA000425','TOKO WAWAN','CG01\r'),
('CA000426','YANA SURYANA','CG01\r'),
('CA000427','YANTI','CG01\r'),
('CA000428','YUSUP','CG01\r'),
('CA000429','YOPI SOSIS BASO','CG01\r'),
('CA000430','YAKINIKI','CG01\r'),
('CA000431','ZULFA NUGGET','CG01\r'),
('CA000432','AJI SUCIPTO','CG01\r'),
('CA000433','ARY SUKASTO','CG01\r'),
('CA000434','ABIZIN FITRIO','CG01\r'),
('CA000435','ABDUL ROUF ISMA','CG01\r'),
('CA000436','ABDUL MALIK','CG01\r'),
('CA000437','TK ADI JAYA','CG01\r'),
('CA000438','AGUS HADI PRANOTO','CG01\r'),
('CA000439','ARIF RAHMAN','CG01\r'),
('CA000440','APRILIA FITRIANA','CG01\r'),
('CA000441','ANIS WIDIYANTI','CG01\r'),
('CA000442','BUDI HERIYANTO','CG01\r'),
('CA000443','CHIKA FROZEN','CG01\r'),
('CA000444','CANDRA DWI MULYANINGTYAS','CG01\r'),
('CA000445','DIAN NOOR KUSUMA DEWI','CG01\r'),
('CA000446','DEWI SOSIS','CG01\r'),
('CA000447','DENA WIDODO SAPUTRA','CG01\r'),
('CA000448','DWI ANDRI ASTUTI','CG01\r'),
('CA000449','DAYAT MARTONO','CG01\r'),
('CA000450','UD. ECCO FROZENFOOD','CG01\r'),
('CA000451','EDI TRISETIYANTO','CG01\r'),
('CA000452','ERY FROZEN','CG01\r'),
('CA000453','EKO SUPRIYANTO','CG01\r'),
('CA000454','FERO FROZEN','CG01\r'),
('CA000455','HARSINI','CG01\r'),
('CA000456','HERRY DARYANTO','CG01\r'),
('CA000457','MOH. HIJRI IZUDIN','CG01\r'),
('CA000458','ISROIYAH AGUS RIYANTI','CG01\r'),
('CA000459','INAWATI GOENAWAN','CG01\r'),
('CA000460','IKA NURJANAH','CG01\r'),
('CA000461','ICUK MAIKEL PADANG','CG01\r'),
('CA000462','INTAN PERMATA SARI','CG01\r'),
('CA000463','JOKO SUPTONO','CG01\r'),
('CA000464','KUSPAN','CG01\r'),
('CA000465','LIANY SARI DEWI','CG01\r'),
('CA000466','LIANAH','CG01\r'),
('CA000467','LISYATI','CG01\r'),
('CA000468','LARE SEMARANG','CG01\r'),
('CA000469','MUBAROK FROZEN FOOD','CG01\r'),
('CA000470','MUNZIAH','CG01\r'),
('CA000471','MULAT ASIH WULANDARI','CG01\r'),
('CA000472','MEI ARIYANTI','CG01\r'),
('CA000473','NURUL AKHYAR','CG01\r'),
('CA000474','NOVIA HERMIYATI','CG01\r'),
('CA000475','PUJIANTO','CG01\r'),
('CA000476','PURWATI','CG01\r'),
('CA000477','UD PAK KUN FROZEN FOOD','CG01\r'),
('CA000478','PUR FROZEN','CG01\r'),
('CA000479','PURWANTO','CG01\r'),
('CA000480','RUDY ADRIYANTO','CG01\r'),
('CA000481','RAHARJO BUDHI PRATOYO','CG01\r'),
('CA000482','RIEN HARININGSIH','CG01\r'),
('CA000483','PT RIFENA PRAYOGI','CG01\r'),
('CA000484','ROCHMIYATUN LAILA','CG01\r'),
('CA000485','RAGIL SRI SADONO','CG01\r'),
('CA000486','RIZKY FOOD','CG01\r'),
('CA000487','SYARIFUDIN UMAR','CG01\r'),
('CA000488','SUBADI','CG01\r'),
('CA000489','SODIAH','CG01\r'),
('CA000490','SUMIJAN','CG01\r'),
('CA000491','SETIAWAN ARISANDI','CG01\r'),
('CA000492','SUROTO','CG01\r'),
('CA000493','SRIYADI','CG01\r'),
('CA000494','SISWOYO','CG01\r'),
('CA000495','SURINI','CG01\r'),
('CA000496','DRA SITI AIRININGSIH','CG01\r'),
('CA000497','SUKADI','CG01\r'),
('CA000498','TOP FOOD','CG01\r'),
('CA000499','YUNANTO','CG01\r'),
('CA000500','YUSNI IMAWATI','CG01\r'),
('CA000501','ZAHROTUL MUFIDAH','CG01\r'),
('CA000502','MUHAMMAD ZIONI SYUKRON','CG01\r'),
('CA000503','ZAHRA FOOD','CG01\r'),
('CA000504','ANI FROZEN','CG01\r'),
('CA000505','ANASTASIA PUJI MULYANI','CG01\r'),
('CA000506','AHMAT FAJAR SANJAYA','CG01\r'),
('CA000507','AFIYATUN','CG01\r'),
('CA000508','ADAH FROZEN','CG01\r'),
('CA000509','AL FATH FROZEN','CG01\r'),
('CA000510','ANGGUN FROZEN','CG01\r'),
('CA000511','AL-KAFIE GROUP','CG01\r'),
('CA000512','AGUS HUTRIYANTO','CG01\r'),
('CA000513','AHMAD SUPRIYADI','CG01\r'),
('CA000514','AJENG FROZEN','CG01\r'),
('CA000515','AHMAD SUPRIYANTO','CG01\r'),
('CA000516','BINTANG FROZEN','CG01\r'),
('CA000517','BASUKI SARJONO','CG01\r'),
('CA000518','BERKAH JAYA FROZEN FOOD','CG01\r'),
('CA000519','CHRISTHAJAYA FROZEN','CG01\r'),
('CA000520','MOCH DONI PRIHTIYONO','CG01\r'),
('CA000521','DARWO','CG01\r'),
('CA000522','DARTO','CG01\r'),
('CA000523','DITA FROZEN','CG01\r'),
('CA000524','DELIA FROZENFOOD','CG01\r'),
('CA000525','DELTA SATRIA TAMA','CG01\r'),
('CA000526','ERNA HERMAWATI','CG01\r'),
('CA000527','EKA SETRI WIDIASTUTI','CG01\r'),
('CA000528','FATMAWATI','CG01\r'),
('CA000529','UD GANITA','CG01\r'),
('CA000530','GEMA EKO HARYANTO ( GEMA )','CG01\r'),
('CA000531','HARTINI','CG01\r'),
('CA000532','HERU SUPRAYITNO','CG01\r'),
('CA000533','HERLIN CYNTIA DEWI','CG01\r'),
('CA000534','HENDRO GUNAWAN','CG01\r'),
('CA000535','IMANUEL KRISTIANTO','CG01\r'),
('CA000536','JAROT PRAKOSO','CG01\r'),
('CA000537','KEISYA FROZEN','CG01\r'),
('CA000538','LESTARI FOOD','CG01\r'),
('CA000539','UD MAKMUR FOODS SERVICE','CG01\r'),
('CA000540','MUFIT SOLIHAH','CG01\r'),
('CA000541','MUFIZA FROZEN','CG01\r'),
('CA000542','NANDA FROZEN','CG01\r'),
('CA000543','NINGSIH FROZEN FOOD','CG01\r'),
('CA000544','NING FROZEN','CG01\r'),
('CA000545','PURNOMO AGUS PARWANTO','CG01\r'),
('CA000546','PATKUROJAK','CG01\r'),
('CA000547','PRASETYO WIBOWO','CG01\r'),
('CA000548','RIZKI FROZEN','CG01\r'),
('CA000549','RINA & CO','CG01\r'),
('CA000550','RASIT EFENDI','CG01\r'),
('CA000551','SUGIYATMI','CG01\r'),
('CA000552','SUGIANTORO','CG01\r'),
('CA000553','SRI WINATA','CG01\r'),
('CA000554','SEPTI PURWITA ASRI','CG01\r'),
('CA000555','SUPOMO','CG01\r'),
('CA000556','SURIPTO','CG01\r'),
('CA000557','\"FX.SHINTO PERWITOSARI','SE\"'),
('CA000558','SUMARLANI','CG01\r'),
('CA000559','SERAYU FROZEN','CG01\r'),
('CA000560','SEFAL FROZEN','CG01\r'),
('CA000561','SUJIYATI','CG01\r'),
('CA000562','SITI LESTARI','CG01\r'),
('CA000563','TRI HATMOKO','CG01\r'),
('CA000564','TUTI JAYA FROZEN','CG01\r'),
('CA000565','TEGUH GUNAWAN','CG01\r'),
('CA000566','UTAMI NINGRUM','CG01\r'),
('CA000567','WIWIN ENDARWANI','CG01\r'),
('CA000568','WIGNYO SUNARTO','CG01\r'),
('CA000569','WIDIATMI','CG01\r'),
('CA000570','WIDODO','CG01\r'),
('CA000571','YULITA SWANDANI AZIZ','CG01\r'),
('CA000572','YOMI FOOD','CG01\r'),
('CA000573','ABDUL MUNIF','CG01\r'),
('CA000574','ACHMAD TOYIB','CG01\r'),
('CA000575','ARYADI SURJONO PRASETYO','CG01\r'),
('CA000576','AGEN SOSIS Q-TA','CG01\r'),
('CA000577','AHMAD SUGENG','CG01\r'),
('CA000578','ANI','CG01\r'),
('CA000579','\"ABDUL MAJID',' ST\"'),
('CA000580','UD AREETA SUKSES GROUP','CG01\r'),
('CA000581','ANEKA SOSIS','CG01\r'),
('CA000582','ANITA KURNIATIN','CG01\r'),
('CA000583','TOKO ARFIA FOOD','CG01\r'),
('CA000584','TOKO ASTUTIK FOOD','CG01\r'),
('CA000585','AMINAH FROSEN','CG01\r'),
('CA000586','AMIRUL ISNAINI','CG01\r'),
('CA000587','AHMAD RIZA ANGGAWIE','CG01\r'),
('CA000588','ANDIK SUDARMINTO','CG01\r'),
('CA000589','AGUNG BHAKTI WIJAYA','CG01\r'),
('CA000590','ARKA FROZEN','CG01\r'),
('CA000591','ALIF FROZEN','CG01\r'),
('CA000592','UD BAROKAH','CG01\r'),
('CA000593','BENEKDITUS SUGIH PRANOTO','CG01\r'),
('CA000594','TOKO BAROKAH2','CG01\r'),
('CA000595','TOKO BAROKAH ABADI II','CG01\r'),
('CA000596','BINGKAY FROZEN FOOD','CG01\r'),
('CA000597','HJ CHAMIMAH','CG01\r'),
('CA000598','CV CITRA PURNAMA ABADI','CG01\r'),
('CA000599','DUDI MULYADI','CG01\r'),
('CA000600','DUA LIMA FROZEN FOOD','CG01\r'),
('CA000601','DEPO IKAN','CG01\r'),
('CA000602','DANANG TRISULA','CG01\r'),
('CA000603','TOKO DINIANTI FROZEN FOOD','CG01\r'),
('CA000604','CV.DAMAI SEJAHTERA JAYA','CG01\r'),
('CA000605','DUNIA SOSIS','CG01\r'),
('CA000606','EDDY JOES','CG01\r'),
('CA000607','EDY PURNOMO','CG01\r'),
('CA000608','ELINA RUDIAWATI','CG01\r'),
('CA000609','EKO WIDJAJADI','CG01\r'),
('CA000610','ENI WINDARTI','CG01\r'),
('CA000611','EVY INDIRASARI','CG01\r'),
('CA000612','TOKO EVI FROZEN FOOD','CG01\r'),
('CA000613','EKO WAHONO','CG01\r'),
('CA000614','FITRIA FAJAR MUSLIH','CG01\r'),
('CA000615','FA & FA FROZEN FOOD','CG01\r'),
('CA000616','FIKE PRIASTUTI','CG01\r'),
('CA000617','FADILAH FROZEN FOOD','CG01\r'),
('CA000618','GALIH DAYONO','CG01\r'),
('CA000619','TOKO HIKMAH','CG01\r'),
('CA000620','\"HANA CHRISTINA ANDRIANI',' BOK\"'),
('CA000621','RM HERVINUS PRIAMBODO','CG01\r'),
('CA000622','HADI SUBROTO','CG01\r'),
('CA000623','HERU PRASETYO','CG01\r'),
('CA000624','PT HADI CITRA CEMERLANG','CG01\r'),
('CA000625','HARTONO BUDI GUNAWAN','CG01\r'),
('CA000626','HERNALIA FITRIANDRI NUJURINI','CG01\r'),
('CA000627','IR HERU TRIANDI','CG01\r'),
('CA000628','IDA MILKARINA WAHYUNI','CG01\r'),
('CA000629','TOKO ISABELA','CG01\r'),
('CA000630','IMAM SYUFAAT','CG01\r'),
('CA000631','ISTANA SOSIS','CG01\r'),
('CA000632','MOCH JADI SETIAWAN','CG01\r'),
('CA000633','JAVANA FOOD','CG01\r'),
('CA000634','UD JASMIN','CG01\r'),
('CA000635','TOKO JAYA ABADI','CG01\r'),
('CA000636','JOKO SUTRISNO','CG01\r'),
('CA000637','JOKO SUWARSO','CG01\r'),
('CA000638','KUKUH RUBYANTO','CG01\r'),
('CA000639','KEEN SEAFOOD','CG01\r'),
('CA000640','TOKO KIN-KIN','CG01\r'),
('CA000641','KHOIRUN NISA','CG01\r'),
('CA000642','M. KHOIRUL ANAM','CG01\r'),
('CA000643','KARYADI','CG01\r'),
('CA000644','LULUK CHOLIFAH','CG01\r'),
('CA000645','LILY HARTATI ALFIAN','CG01\r'),
('CA000646','TOKO MADANI','CG01\r'),
('CA000647','MIFTA FROZEN','CG01\r'),
('CA000648','MAMIK JUMIATI','CG01\r'),
('CA000649','MURTIASIH','CG01\r'),
('CA000650','MUDJIANTO','CG01\r'),
('CA000651','MUSANTO','CG01\r'),
('CA000652','TOKO MANDIRI','CG01\r'),
('CA000653','HJ NUR HASNAH','CG01\r'),
('CA000654','NUGROHO','CG01\r'),
('CA000655','TOKO NIAGA SOSIS','CG01\r'),
('CA000656','\"NIA MUHAYATI',' SE\"'),
('CA000657','NANANG BUDIANTO S','CG01\r'),
('CA000658','NANDA FROZEN','CG01\r'),
('CA000659','NINING IRIANI','CG01\r'),
('CA000660','NUR HALIMAH','CG01\r'),
('CA000661','OMAH OASIS','CG01\r'),
('CA000662','TOKO ORIENT','CG01\r'),
('CA000663','TOKO OASIS FROZEN FOOD','CG01\r'),
('CA000664','PT PRIMA BERKAT PRATAMA','CG01\r'),
('CA000665','PUTRA FROZEN FOOD','CG01\r'),
('CA000666','RIDWAN','CG01\r'),
('CA000667','RAVINDA WAHYU KIRANASARI','CG01\r'),
('CA000668','RUMAH SOSIS','CG01\r'),
('CA000669','RICKI CAHYO EKO PURWANTO','CG01\r'),
('CA000670','RAJA SOSIS','CG01\r'),
('CA000671','RINA AYU ANGELIA','CG01\r'),
('CA000672','SAIFUL ASHAR','CG01\r'),
('CA000673','SUTOYO','CG01\r'),
('CA000674','SIE HUAN LIANG','CG01\r'),
('CA000675','SUPRIYANTO ARIF PAMBUDI','CG01\r'),
('CA000676','SUTRISNO','CG01\r'),
('CA000677','SRI HERMININGSIH','CG01\r'),
('CA000678','SUGIONO','CG01\r'),
('CA000679','TOKO SOSIS SOSIS','CG01\r'),
('CA000680','TOKO SUDI MAMPIR','CG01\r'),
('CA000681','TOKO SALSABILA','CG01\r'),
('CA000682','TOKO SUMATRA','CG01\r'),
('CA000683','SUHUDI','CG01\r'),
('CA000684','SUMARSIH','CG01\r'),
('CA000685','SHINTA LIA WIJAYA','CG01\r'),
('CA000686','SUBAGYO','CG01\r'),
('CA000687','SUKAMTO','CG01\r'),
('CA000688','TOKO SUMBER RIZKI','CG01\r'),
('CA000689','SULISWANTO','CG01\r'),
('CA000690','SHEH HASBULLAH','CG01\r'),
('CA000691','MOHAMMAD SHODIK','CG01\r'),
('CA000692','KOPERASI SETIA BHAKTI WANITA','CG01\r'),
('CA000693','SUMBER BENING UD','CG01\r'),
('CA000694','SUPADI','CG01\r'),
('CA000695','SULIKAH','CG01\r'),
('CA000696','SUDARWATI','CG01\r'),
('CA000697','SUBEKI','CG01\r'),
('CA000698','SUWARDI','CG01\r'),
('CA000699','TOKO TAUFIK','CG01\r'),
('CA000700','TJILIY ISWANDI','CG01\r'),
('CA000701','TITIS WULANDARI','CG01\r'),
('CA000702','\"TEGUH HARTO WIBOWO',' SE\"'),
('CA000703','TARMIDI','CG01\r'),
('CA000704','UMI ANAH','CG01\r'),
('CA000705','WINARNO','CG01\r'),
('CA000706','\"WENGLYS HAPOSAN AMBARITA',' ST\"'),
('CA000707','YOGI DWIANTORO','CG01\r'),
('CA000708','YETTI RAKHMAWATI','CG01\r'),
('CA000709','YULIANTO','CG01\r'),
('CA000710','YOYOK FROZEN FOOD','CG01\r'),
('CA000711','WAHYU SUMARJIYO','CG01\r'),
('CA000712','ACHMAD BAHAR','CG01\r'),
('CA000713','AMIRUDIN','CG01\r'),
('CA000714','AGUS SUNDJAJA','CG01\r'),
('CA000715','TOKO ACION','CG01\r'),
('CA000716','AHMAD FAUZI','CG01\r'),
('CA000717','TOKO ANGGA','CG01\r'),
('CA000718','AMINAH','CG01\r'),
('CA000719','AGUSTIANA DEVI HARDHANIE','CG01\r'),
('CA000720','CV. ASIA AGUNG SEJAHTERA','CG01\r'),
('CA000721','TK. AZZAM','CG01\r'),
('CA000722','BOGOR ASRI FROZEN','CG01\r'),
('CA000723','BERKAH FROZEN FOOD','CG01\r'),
('CA000724','BINTANG SWALAYAN','CG01\r'),
('CA000725','BINTANG BARU','CG01\r'),
('CA000726','CAHAYA KUE DAN FROZEN','CG01\r'),
('CA000727','PT DUNIA MAKMUR JAYA','CG01\r'),
('CA000728','TK. DIVA FROZEN FOOD','CG01\r'),
('CA000729','EDI','CG01\r'),
('CA000730','ENDAH SUPRIYANTI','CG01\r'),
('CA000731','EMMY ICHSAN','CG01\r'),
('CA000732','TOKO FIRMAN','CG01\r'),
('CA000733','FIFI RESTO','CG01\r'),
('CA000734','FROZEN FOOD ZAHRA','CG01\r'),
('CA000735','GALERRY SEAFOOD ADJI','CG01\r'),
('CA000736','HAMDANI HADIWIRAWAN','CG01\r'),
('CA000737','IRINE HESTI PUJI W','CG01\r'),
('CA000738','IMELDA SUSANTI','CG01\r'),
('CA000739','TOKO IBU EMILIA','CG01\r'),
('CA000740','IMRON MASYHADI','CG01\r'),
('CA000741','JASOW','CG01\r'),
('CA000742','KOPERASI KARYAWAN TRITUNGGAL','CG01\r'),
('CA000743','KEKE FROZEN','CG01\r'),
('CA000744','TOKO KING DEPOK','CG01\r'),
('CA000745','KENCANA FOOD','CG01\r'),
('CA000746','KHOIRUNNISA','CG01\r'),
('CA000747','LAFADZA','CG01\r'),
('CA000748','MARTHIN BACAS','CG01\r'),
('CA000749','TOKO MUSTOFA','CG01\r'),
('CA000750','TOKO MPOK MAS','CG01\r'),
('CA000751','MAKMUR SHOP','CG01\r'),
('CA000752','MEGA FROZEN FOOD','CG01\r'),
('CA000753','MEILIYANTI','CG01\r'),
('CA000754','META DESTIO RENA UTAMI','CG01\r'),
('CA000755','MASHURI','CG01\r'),
('CA000756','NAURA NUGET','CG01\r'),
('CA000757','TOKO NUGET IBU MAESAROH','CG01\r'),
('CA000758','NASI FROZEN','CG01\r'),
('CA000759','TOKO RAJA FROZEN FOOD','CG01\r'),
('CA000760','ROY DWI PRASETYO','CG01\r'),
('CA000761','TOKO RASDI BAKSO','CG01\r'),
('CA000762','RIYONO','CG01\r'),
('CA000763','SUBEHI','CG01\r'),
('CA000764','SURYAMAN TJENDANA','CG01\r'),
('CA000765','SUTRISNO','CG01\r'),
('CA000766','PT. SAMUDERA ARFAK','CG01\r'),
('CA000767','SILVIA SALIM','CG01\r'),
('CA000768','SUBIASTUTI','CG01\r'),
('CA000769','TOKO SUNARTI','CG01\r'),
('CA000770','TONNY SIMAMPOUW','CG01\r'),
('CA000771','TOKO UCOK','CG01\r'),
('CA000772','WIWIK MARYANI SULISTIAWATI','CG01\r'),
('CA000773','TOKO YULI','CG01\r'),
('CA000774','ZAHRA NUGGET','CG01\r'),
('CA000775','ZENA FROZEN','CG01\r'),
('CA000776','PD ASEP SAYUR BANDUNG','CG01\r'),
('CA000777','ADANG','CG01\r'),
('CA000778','AAN RISWADI','CG01\r'),
('CA000779','AGUS FAJAR TURA','CG01\r'),
('CA000780','PD. BERKAH BASO','CG01\r'),
('CA000781','TK BETTY SAYUR','CG01\r'),
('CA000782','DEDI WAHYUDIN','CG01\r'),
('CA000783','DWI RETNO DAMAYANTI','CG01\r'),
('CA000784','DENI JUMENA','CG01\r'),
('CA000785','TOKO H. EPEN','CG01\r'),
('CA000786','GEMA TASIK','CG01\r'),
('CA000787','HARUN FROZEN','CG01\r'),
('CA000788','HARRY AVIANTO','CG01\r'),
('CA000789','IWONG BASO','CG01\r'),
('CA000790','IVAN KUSNADY','CG01\r'),
('CA000791','IWAN HERNAWAN','CG01\r'),
('CA000792','PD JEMBAR PUTRA','CG01\r'),
('CA000793','UU JUNAEDI','CG01\r'),
('CA000794','JAJANG SOBUR','CG01\r'),
('CA000795','KIOS SOSIS','CG01\r'),
('CA000796','KASMIRA','CG01\r'),
('CA000797','LINA NURLINA','CG01\r'),
('CA000798','NOOR','CG01\r'),
('CA000799','PD.N`DAS JAYA FOOD','CG01\r'),
('CA000800','OHAN','CG01\r'),
('CA000801','TOKO PSB','CG01\r'),
('CA000802','ROSJANAH S.PD','CG01\r'),
('CA000803','RONI SETIAWAN','CG01\r'),
('CA000804','RUSMIDE','CG01\r'),
('CA000805','RAISYA','CG01\r'),
('CA000806','SUHENDRA','CG01\r'),
('CA000807','SUPARMAN','CG01\r'),
('CA000808','SUPARMAN SOSIS','CG01\r'),
('CA000809','SRI KUSTIAWATI','CG01\r'),
('CA000810','SUSAN SUSANTI','CG01\r'),
('CA000811','SAKIRNO','CG01\r'),
('CA000812','SARI SOZIS','CG01\r'),
('CA000813','SAYATI SOSIS BASO','CG01\r'),
('CA000814','WIWIN WAHYUNI','CG01\r'),
('CA000815','WIDANIYAH','CG01\r'),
('CA000816','YUSRAN NASHRULLAH','CG01\r'),
('CA000817','ARI YUANITA','CG01\r'),
('CA000818','BUDI TAUFIQ','CG01\r'),
('CA000819','DIAH SRI SETYOWATI SOENDORO','CG01\r'),
('CA000820','ELISABETH CAROLINA','CG01\r'),
('CA000821','IRIANINGSIH','CG01\r'),
('CA000822','KWEE IE FANG','CG01\r'),
('CA000823','KARTA SUWANDA','CG01\r'),
('CA000824','SUWARNI','CG01\r'),
('CA000825','WISNU FAJAR WAHYUDI','CG01\r'),
('CA000826','AHMAD RIFA`I','CG01\r'),
('CA000827','AGUS SISWANTO','CG01\r'),
('CA000828','TOKO AUDY FROZEN FOOD','CG01\r'),
('CA000829','ARIF ZAINUDIN','CG01\r'),
('CA000830','AGEN SOSIS NAHROWI','CG01\r'),
('CA000831','AGUS SUYANTO','CG01\r'),
('CA000832','TOKO ALFI FOOD','CG01\r'),
('CA000833','TOKO AL KAUTSAR LESTARI','CG01\r'),
('CA000834','TOKO BAKWAN PUCANG','CG01\r'),
('CA000835','TOKO CEMERLANG PUTRI DEWI','CG01\r'),
('CA000836','M. EKSAN','CG01\r'),
('CA000837','TOKO EDO FROZEN FOOD','CG01\r'),
('CA000838','TOKO EKO BESUKI','CG01\r'),
('CA000839','ERNAWATI','CG01\r'),
('CA000840','HENNY YULIASTUTI','CG01\r'),
('CA000841','HENI SUSANTO','CG01\r'),
('CA000842','TOKO HARRY FROZEN FOOD','CG01\r'),
('CA000843','ISBULAH HUDA','CG01\r'),
('CA000844','TOKO JAYA FOOD','CG01\r'),
('CA000845','KOP KARYAWAN KAWAN BAIK','CG01\r'),
('CA000846','TOKO KERAJAAN FOOD','CG01\r'),
('CA000847','LIE GANG','CG01\r'),
('CA000848','LALA FROZEN FOOD','CG01\r'),
('CA000849','NUR SUGONDO','CG01\r'),
('CA000850','ROZIKO AZIZAH','CG01\r'),
('CA000851','RAFIKA LIBRIANA','CG01\r'),
('CA000852','RINDA JAYA FROZEN','CG01\r'),
('CA000853','TOKO SILVIA FROZEN FOOD','CG01\r'),
('CA000854','SITI NUR HURIJAH','CG01\r'),
('CA000855','M. SUKARI','CG01\r'),
('CA000856','SUWARNO','CG01\r'),
('CA000857','TOKO SELAMAT PAGI FROZEN FOOD','CG01\r'),
('CA000858','TRISNAWATI MUSTIKASARI','CG01\r'),
('CA000859','TOKO THALIA','CG01\r'),
('CA000860','YULIAWATI','CG01\r'),
('CA000861','YULIATI','CG01\r'),
('CA000862','TOKO YUSRONI','CG01\r'),
('CA000863','YETIK TRI SUSANTI','CG01\r'),
('CA000864','YANNETTA LEONORA P','CG01\r'),
('CA000865','AGUS WAHYONO','CG01\r'),
('CA000866','ADAM FROZEN','CG01\r'),
('CA000867','AHMAD SUPARJO','CG01\r'),
('CA000868','BUDI SETYO NUGROHO','CG01\r'),
('CA000869','CHUNAENAH','CG01\r'),
('CA000870','DADANG NAROTAMA','CG01\r'),
('CA000871','DANANG ADHI JAYA','CG01\r'),
('CA000872','DENNY','CG01\r'),
('CA000873','FELIM FROZEN','CG01\r'),
('CA000874','FAJAR ACHADI','CG01\r'),
('CA000875','GUDANG SOSIS','CG01\r'),
('CA000876','IYAN`S FROZEN','CG01\r'),
('CA000877','LAKSANA CATERING','CG01\r'),
('CA000878','MARSINAH','CG01\r'),
('CA000879','MARGARETHA LIA SARI','CG01\r'),
('CA000880','NATALIA SRI RAHAYU','CG01\r'),
('CA000881','RARAS FOOD','CG01\r'),
('CA000882','SUSILO WARDONO','CG01\r'),
('CA000883','SHELOMITHA DWITYA AMBITHA','CG01\r'),
('CA000884','SUGIYONO','CG01\r'),
('CA000885','TRIWIDAYATI','CG01\r'),
('CA000886','UDIN FROZEN','CG01\r'),
('CA000887','D\'FROZEN','CG01\r'),
('CA000888','MUKISWARA','CG01\r'),
('CA000889','PT.CAKRA TIRTA AMERTA','CG01\r'),
('CA000890','DIAN EKA WATI','CG01\r'),
('CA000891','SAMPLE CIKARANG','CG07\r'),
('CA000892','CASH - OTHERS','CG07\r'),
('CA000893','SANSAN HENDRIANSYAH','CG01\r'),
('CA000894','RAKA MEAT','CG01\r'),
('CA000895','RISADI','CG01\r'),
('CA000896','\"ALAMSYAH',' M. H.\"'),
('CA000897','NUR SUGONDO (DOUBLE INPUT)','CG01\r'),
('CA000898','HERU MULYANTORO','CG01\r'),
('CA000899','ATONI','CG01\r'),
('CA000900','KIDS FROZEN','CG01\r'),
('CA000901','WIDYARINI. SE','CG01\r'),
('CA000902','F & D FROZEN FOOD','CG01\r'),
('CA000903','GEISHA FOOD','CG01\r'),
('CA000904','YUSTINA UTAMI','CG01\r'),
('CA000905','SRI HANDAYANI','CG01\r'),
('CA000906','HILDA LAELATUL FADILAH','CG01\r'),
('CA000907','ALL TOP FROZEN','CG01\r'),
('CA000908','\"WULAN SARI JAYA',' CV\"'),
('CA000909','ROBBY ARYANTO','CG01\r'),
('CA000910','RHANDY FOOD','CG01\r'),
('CA000911','SAE FROZEN','CG01\r'),
('CA000912','SURYO NYOTO RAHARJO','CG03\r'),
('CA000913','CALISNA','CG01\r'),
('CA000914','SUBANDI','CG01\r'),
('CA000915','PT AKUR PRATAMA','CG02\r'),
('CA000916','PT GRIYA PRATAMA','CG02\r'),
('CA000917','PT MANDIRI AKUR PRATAMA','CG02\r'),
('CA000918','SUHARSONO','CG01\r'),
('CA000919','PT. CINEMAXX GLOBAL PASIFIC','CG01\r'),
('CA000920','\"INDOMARCO PRISMATAMA',' PT\"'),
('CA000921','MARIA DIOSA MARTHA BARETS','CG01\r'),
('CA000922','TK. RAHAYU','CG01\r'),
('CA000923','NASA FROZEN','CG01\r'),
('CA000924','PANTURA FOOD','CG01\r'),
('CA000925','KHUSNUL KHOTIMAH','CG01\r'),
('CA000926','CV WONOSARI','CG01\r'),
('CA000927','SONAJI','CG01\r'),
('CA000928','NUR AZIZ','CG01\r'),
('CA000929','AFIK HIDAYAT','CG01\r'),
('CA000930','YUNITA NURDIANA','CG01\r'),
('CA000931','ABDUL RAHMAN','CG01\r'),
('CA000932','PT. BOGA CATUR RATA','CG02\r'),
('CA000933','MELIANA WULANDARI','CG01\r'),
('CA000934','ITHA SNACKME','CG01\r'),
('CA000935','KRISTIN IKA SARI','CG01\r'),
('CA000936','NEGER PAKPAHAN','CG01\r'),
('CA000937','SUMARDIANA','CG01\r'),
('CA000938','WIDYASTUTI','CG01\r'),
('CA000939','ANDI SALMAN BAESUFRI','CG01\r'),
('CA000940','NUGSTERS PARLOUR','CG01\r'),
('CA000941','SARAH FROZEN','CG01\r'),
('CA000942','PT. TOZY SENTOSA','CG02\r'),
('CA000943','PT. SATU KARYA JARI','CG03\r'),
('CA000944','SITI NURTRIANI','CG01\r'),
('CA000945','DICKY TRIAWAN','CG01\r'),
('CA000946','MUHAMMAD HAMZAH','CG01\r'),
('CA000947','KHAIRUL ANAM','CG01\r'),
('CA000948','EDELWEIS','CG01\r'),
('CA000949','TOKO FROZEN FOOD JAYA BERSAMA','CG01\r'),
('CA000950','PT SUBUR MAKMUR SENTOSA','CG02\r'),
('CA000951','SITI SARIFAH','CG01\r'),
('CA000952','OEY ANGGA','CG01\r'),
('CA000953','GUNASALMA','CG01\r'),
('CA000954','HILDA HIDAYATI','CG01\r'),
('CA000955','HENDRA RUDIANTO','CG01\r'),
('CA000956','SUYANTO','CG01\r'),
('CA000957','NIKEN TIWI ARNI','CG01\r'),
('CA000958','TK. MBAK DIAN','CG01\r'),
('CA000959','MUHAMMAD SANDI FADILAH','CG01\r'),
('CA000960','\"VIEDHYA ER NANDHY GANI','SH\"'),
('CA000961','HENY FOOD','CG01\r'),
('CA000962','OKTAVIA DWI DAMAYANTI','CG01\r'),
('CA000963','DEWI CAHYA NINGSIH','CG01\r'),
('CA000964','DONNY ACHMAD FIRMAN','CG01\r'),
('CA000965','ALBERT SETIAWAN','CG01\r'),
('CA000966','BILLAL FROZEN','CG01\r'),
('CA000967','JAELANI','CG01\r'),
('CA000968','MOH. SAPRI','CG01\r'),
('CA000969','NOTO SUSILO','CG01\r'),
('CA000970','SUWARNO','CG01\r'),
('CA000971','PT. KULINARI BERDAYA','CG03\r'),
('CA000972','ERTIN SUSIANA','CG01\r'),
('CA000973','SOLICHIN FROZEN','CG01\r'),
('CA000974','SILVIA KUSTANTINAH FROZEN','CG01\r'),
('CA000975','BIANT FROZEN','CG01\r'),
('CA000976','PT. TRIPUTRA KARYA LESTARI','CG10\r'),
('CA000977','ADE SOSIS','CG01\r'),
('CA000978','PT. INDO JATI PRATAMA','CG01\r'),
('CA000979','AHMAD NARJU SALAM','CG01\r'),
('CA000980','CV. INDOMITRA WIDJAYA','CG01\r'),
('CA000981','RENI MULIANA PUTRI','CG01\r'),
('CA000982','PT TENANG MANDIRI JAYA','CG07\r'),
('CA000983','MUHAMMAD IRCHAM AFFANDI','CG01\r'),
('CA000984','CV SUMBER REJEKI','CG07\r'),
('CA000985','PT. PANCA SINAR KASIH','CG03\r'),
('CA000986','IPUNG TAHU DAN NUGET','CG01\r'),
('CA000987','HERNANDA WICAKSONO','CG01\r'),
('CA000988','HERIYAN NOOR','CG01\r'),
('CA000989','DIAN ARIANI','CG01\r'),
('CA000990','ISMIANA','CG01\r'),
('CA000991','NOTO SUSILO','CG01\r'),
('CA000992','MARIAWATI WIDJAJA','CG03\r'),
('CA000993','TOKO CARKUM BAKSO PONDOK LABU','CG01\r'),
('CA000994','FAUZAN FROZEN FOOD','CG01\r'),
('CA000995','AGUS NUGGET','CG01\r'),
('CA000996','MACHRI SULTHONI','CG01\r'),
('CA000997','NAZ FROZEN','CG01\r'),
('CA000998','SHIELDA ADAJA PUTRI','CG01\r'),
('CA000999','PT. KURNIA AGUNGMULIA SEJAHTER','CG01\r'),
('CA001000','PT. AKAR PANJI ULUNG','CG02\r'),
('CA001001','AFCO FRESH','CG01\r'),
('CA001002','RUSMINAYU','CG01\r'),
('CA001003','ARIF WICAKSONO','CG01\r'),
('CA001004','TITIS SRIATMINING','CG01\r'),
('CA001005','IQBAL WAHYUDDIN MAKSUM','CG01\r'),
('CA001006','MELATI FROZEN','CG01\r'),
('CA001007','CAHAYA FROZEN','CG01\r'),
('CA001008','DIAN AYU FITRI DAMAYANTI','CG01\r'),
('CA001009','NURINA FROZEN MART','CG01\r'),
('CA001010','PTB BUNDA FROZEN','CG01\r'),
('CA001011','SITI SULIHAH','CG01\r'),
('CA001012','S.N. DINIYATI','CG01\r'),
('CA001013','CV. KURNIA JAYA MANDIRI','CG01\r'),
('CA001014','KAPPI FROZEN FOOD','CG01\r'),
('CA001015','AYA FROZEN FOOD','CG01\r'),
('CA001016','ASMINARTI','CG01\r'),
('CA001017','SYAHRAENY','CG01\r'),
('CA001018','SUTARI','CG01\r'),
('CA001019','TRIYA YULIKA WULANSARI','CG01\r'),
('CA001020','JAJANG NURJAMAN (TASIK SOSIS B','CG01\r'),
('CA001021','BURHANUDIN','CG01\r'),
('CA001022','DEDI MUSTOPA (RSB)','CG01\r'),
('CA001023','ANUGRAHENI DWINOVITASARI','CG01\r'),
('CA001024','EKA YUDI HERIANTO','CG01\r'),
('CA001025','HENI PURWANDARI','CG01\r'),
('CA001026','PT. OMNI JAYA ABADI','CG03\r'),
('CA001027','SHEWI OKTAVIASA','CG01\r'),
('CA001028','UNTARI FOOD','CG01\r'),
('CA001029','CV. ISABELLA FOODS','CG01\r'),
('CA001030','CV. BERKAT ANUGERAH SENTOSA','CG03\r'),
('CA001031','PT AEROFOOD INDONESIA','CG03\r'),
('CA001032','PT. KRISTA MEDIA','CG03\r'),
('CA001033','PT. SAMUDRA PANGAN LESTARI','CG01\r'),
('CA001034','RAYA FROZEN','CG01\r'),
('CA001035','MUHAMMAD AGUS MUHARRAM','CG07\r'),
('CA001036','HASNA FROZEN FOOD','CG01\r'),
('CA001037','NETTY CHAYANI','CG01\r'),
('CA001038','DESSY ANDIR FOOD','CG01\r'),
('CA001039','ABDUL KADIR','CG01\r'),
('CA001040','PT. ADA PERKASA SAHITA GUNA','CG10\r'),
('CA001041','AGEN SOSIS ANINDYA','CG01\r'),
('CA001042','MAMAKU FROZEN','CG01\r'),
('CA001043','YANTO SAYUR','CG01\r'),
('CA001044','KENDY TJIPTO','CG01\r'),
('CA001045','TUMPENG MINI BANDUNG','CG03\r'),
('CA001046','WALUYO','CG01\r'),
('CA001047','PT. MULIA RANA FROZINDO','CG01\r'),
('CA001048','NOVAL FROZEN','CG01\r'),
('CA001049','BINTANG FROZEN','CG01\r'),
('CA001050','CV. MAHESA BERJAYA ABADI','CG01\r'),
('CA001051','PUTRA KADAYA FOOD','CG01\r'),
('CA001052','TK. KEDAI JINGGA','CG01\r'),
('CA001053','UMY FROZEN FOOD','CG01\r'),
('CA001054','CATUR ARYANI','CG01\r'),
('CA001055','KEYSHA FROZEN MART','CG01\r'),
('CA001056','V FROZEN FOOD','CG01\r'),
('CA001057','SATU BINTANG SEJAHTERA','CG01\r'),
('CA001058','HAVANA FROZEN','CG01\r'),
('CA001059','ADZIM FROZEN','CG01\r'),
('CA001060','PT. MAHADANA DASHA UTAMA','CG10\r'),
('CA001061','KOKOH  RUBYANTO','CG01\r'),
('CA001062','RESTU IBU FROZEN','CG01\r'),
('CA001063','RUMAH BEKU','CG01\r'),
('CA001064','RYOSSA FOOD','CG01\r'),
('CA001065','ZIPONK FROZEN','CG01\r'),
('CA001066','MURHADI','CG01\r'),
('CA001067','PT. EKAPUTRA PRADA INDONESIA','CG01\r'),
('CA001068','FITRA KURNIA RACHMAN','CG01\r'),
('CA001069','LOK LOK NGAPAK FROZEN','CG01\r'),
('CA001070','SETIAWAN FROZEN','CG01\r'),
('CA001071','PT. MULYA RAHAYU PRATAMA','CG01\r'),
('CA001072','AGUS PRASETYO','CG01\r'),
('CA001073','DO\'II FROZEN FOOD','CG01\r'),
('CA001074','ADELIA FROZEN FOOD','CG01\r'),
('CA001075','YULINA FROZEN FOOD','CG01\r'),
('CA001076','DJONG ELLIAWATI','CG01\r'),
('CA001077','PT VIRTUS CULINARY INDONESIA','CG03\r'),
('CA001078','RIZKI AMALIA','CG01\r'),
('CA001079','MASYA FROZEN','CG01\r'),
('CA001080','GALANG FROOZEN','CG01\r'),
('CA001081','KING FROZEN','CG01\r'),
('CA001082','PT. JCO DONUT AND COFFEE','CG03\r'),
('CA001083','GAMBAR FROZEN FOOD','CG01\r'),
('CA001084','PURI','CG01\r'),
('CA001085','UMAH IWAK','CG01\r'),
('CA001086','UNTUNG SUPRASETYO','CG01\r'),
('CA001087','HENDRA','CG01\r'),
('CA001088','KARANGANTU FROOZEN','CG01\r'),
('CA001089','SUTARMUJI','CG01\r'),
('CA001090','YULIH','CG01\r'),
('CA001091','TOKO RAF21','CG01\r'),
('CA001092','DARSO PUJI NUGROHO','CG01\r'),
('CA001093','SILVY FITCHIYAH','CG01\r'),
('CA001094','VIKA MEILIA PUSPITA','CG01\r'),
('CA001095','BAYU SOSIS','CG01\r'),
('CA001096','ABDULLOH ROCHMAN','CG01\r'),
('CA001097','ARDIANA PRADIPTA HAMZAH','CG01\r'),
('CA001098','AYU ANDHITA SARI','CG01\r'),
('CA001099','CV. MITRA SEJAHTERA BERSAMA','CG01\r'),
('CA001100','ENGGUS AL-KHODERI','CG01\r'),
('CA001101','FARO FERNANDO','CG01\r'),
('CA001102','NURUL AZIZA','CG01\r'),
('CA001103','RINTA MALIFAH','CG01\r'),
('CA001104','SUNARYO','CG01\r'),
('CA001105','TK. SOSIS AULIYA PUTRI BAROKAH','CG01\r'),
('CA001106','REKSA JAYA BASO SOSIS','CG01\r'),
('CA001107','CV MAJU JAYA GEMILANG','CG01\r'),
('CA001108','HARTOYO','CG01\r'),
('CA001109','DEWI SARTIKA D.','CG01\r'),
('CA001110','YONI WIBOWO','CG01\r'),
('CA001111','SEKINA MART','CG01\r'),
('CA001112','TRIONO','CG01\r'),
('CA001113','AS FROZEN TASIK','CG01\r'),
('CA001114','RAJA SOSIS','CG01\r'),
('CA001115','TRIO FROZEN FOOD','CG01\r'),
('CA001116','WARUNG BEKU','CG01\r'),
('CA001117','PANDU ANDRE HARLAN','CG01\r'),
('CA001118','CV. BANGKIT JAYA','CG01\r'),
('CA001119','PT. MULYA RAHAYU PRATAMA','CG01\r'),
('CA001120','CV. KEYSHA FROZEN MAKMUR SENTO','CG01\r'),
('CA001121','INA ELPINNA','CG01\r'),
('CA001122','TOKO FROZEN HAEKAL','CG01\r'),
('CA001123','CV ALERGA','CG01\r'),
('CA001124','ANI FROZEN FOOD','CG01\r'),
('CA001125','ALIMA FRESHMART','CG01\r'),
('CA001126','MOCHAMAD SAFIQ','CG01\r'),
('CA001127','HJ FROZEN FOOD','CG01\r'),
('CA001128','HUSNA FROZEN','CG01\r'),
('CA001129','SETIA KAWAN FROZEN','CG01\r'),
('CA001130','PT. SEVEN MOUNTAIN INTERNATION','CG03\r'),
('CA001131','STANSYE J. KATUUK','CG01\r'),
('CA001132','MIMIN SUMARIYAH','CG01\r'),
('CA001133','PUTRA MAGELUNG FOOD','CG01\r'),
('CA001134','MOH TAUFIK','CG01\r'),
('CA001135','IMAM BASTOMI','CG01\r'),
('CA001136','AGUS RUGIANTO','CG01\r'),
('CA001137','SRI WAHYUNI','CG01\r'),
('CA001138','SUPRIANTO ARIF PAMBUDI','CG01\r'),
('CA001139','MOCH. ZAKARIA','CG01\r'),
('CA001140','INDAHWATI JANTO','CG01\r'),
('CA001141','MIRA INDAH YUNI ANITA','CG01\r'),
('CA001142','YUNI MUSYAROFAH BAHTIAR','CG01\r'),
('CA001143','RETNO DWI PUJIOWATI','CG01\r'),
('CA001144','GUSTI AYU KETUT SUNARCANDRA KA','CG01\r'),
('CA001145','SUYITNO','CG01\r'),
('CA001146','AH FROZEN','CG01\r'),
('CA001147','ISKANDAR MUSTAMIN','CG01\r'),
('CA001148','NORA IKA PURNAMI','CG01\r'),
('CA001149','OKKY SETIAWAN','CG01\r'),
('CA001150','CV. BERKAH JAYA ABADI','CG01\r'),
('CA001151','SAEPUDIN','CG01\r'),
('CA001152','PT. CITARASA PRIMA INDONESIA B','CG10\r'),
('CA001153','CV. CAHAYA SANINDO ABADI','CG01\r'),
('CA001154','JULIYANTO','CG01\r'),
('CA001155','ALFA FROZEN MART','CG01\r'),
('CA001156','EEL DIYAS TUTIK','CG01\r'),
('CA001157','EKO MARTO SODIKIN','CG01\r'),
('CA001158','WIDY YULIANTO','CG01\r'),
('CA001159','ARIF ZAINUDIN','CG01\r'),
('CA001160','SLAMET','CG01\r'),
('CA001161','SUSYATI','CG01\r'),
('CA001162','MICHAEL JEREMIAH VALENTINO','CG01\r'),
('CA001163','A. ASBUDHI ROSANDY','CG01\r'),
('CA001164','PONIYEM','CG01\r'),
('CA001165','ARBY FRESHMART','CG01\r'),
('CA001166','BIANCA FROZEN','CG01\r'),
('CA001167','ANTON KURNIA','CG01\r'),
('CA001168','YSR FROZEN FOOD','CG01\r'),
('CA001169','PT. LOTTE CINEMA INDONESIA','CG03\r'),
('CA001170','ISWADI IDRIS','CG01\r'),
('CA001171','MASHARIONO','CG01\r'),
('CA001172','YANUAR INDRAYANI','CG01\r'),
('CA001173','YASMORO','CG01\r');

/*Table structure for table `master_department` */

DROP TABLE IF EXISTS `master_department`;

CREATE TABLE `master_department` (
  `dept_code` varchar(10) NOT NULL,
  `dept_name` varchar(20) DEFAULT NULL,
  `pc_limit` decimal(16,2) DEFAULT NULL,
  PRIMARY KEY (`dept_code`)
) ENGINE=InnoDB DEFAULT CHARSET=latin1;

/*Data for the table `master_department` */

insert  into `master_department`(`dept_code`,`dept_name`,`pc_limit`) values 
('D001','PRODUCTION',10000000.00),
('D002','LOGISTIC & DISTRIBUT',NULL),
('D003','DEPO\r',NULL),
('D004','PURCHASING\r',NULL),
('D005','ACCOUNTING\r',NULL),
('D006','FINANCE\r',NULL),
('D007','INTERNAL AUDIT\r',NULL),
('D008','INFORMATION TECHNOLO',NULL),
('D009','ADMINISTRATION\r',NULL),
('D010','LEGAL\r',NULL),
('D011','HUMAS\r',NULL),
('D012','HR & RECRUITMENT\r',NULL),
('D013','CREDIT CONTROL\r',NULL),
('D014','MANAGEMENT\r',NULL),
('D015','VETERINARY\r',NULL),
('D016','ADVERTISING\r',NULL),
('D017','SALES\r',NULL),
('D018','PDQAC\r',NULL),
('D019','ENGINEERING\r',NULL),
('D020','WAREHOUSE\r',NULL),
('D021','WAREHOUSE PACK MAT\r',NULL),
('D022','DRYER\r',NULL),
('D023','WAREHOUSE RENTAL\r',NULL),
('D024','WAREHOUSE FINISHED G',NULL),
('D025','MAINTENANCE\r',NULL),
('D026','HSE\r',NULL),
('D027','\"PLANT',NULL),
('D028','SECURITY\r',NULL);

/*Table structure for table `master_me_group` */

DROP TABLE IF EXISTS `master_me_group`;

CREATE TABLE `master_me_group` (
  `me_group_code` varchar(2) NOT NULL,
  `me_group_name` varchar(20) DEFAULT NULL,
  PRIMARY KEY (`me_group_code`)
) ENGINE=InnoDB DEFAULT CHARSET=latin1;

/*Data for the table `master_me_group` */

/*Table structure for table `master_me_type` */

DROP TABLE IF EXISTS `master_me_type`;

CREATE TABLE `master_me_type` (
  `me_code` varchar(4) NOT NULL,
  `me_name` varchar(20) DEFAULT NULL,
  `me_criteria` varchar(2) DEFAULT NULL,
  PRIMARY KEY (`me_code`)
) ENGINE=InnoDB DEFAULT CHARSET=latin1;

/*Data for the table `master_me_type` */

insert  into `master_me_type`(`me_code`,`me_name`,`me_criteria`) values 
('0000','OTHER MARKETING EXPE','OT'),
('0003','PROMOTION EXPENSES','PR'),
('0010','OPERATING SUPPLIES','OP'),
('1010','PETROL','PE'),
('1020','TOLL & PARKING','TO'),
('1030','ACCOMODATION','AC'),
('2040','ALLOWANCE - MEAL','AL'),
('3140','R & M - MOTOR VEHICL','R '),
('3160','R & M - JASA','R '),
('4030','ENTERTAINMENT','EN'),
('6010','TELEPHONE, TELEX, FA','TE'),
('6020','COURIER SERVICE/POST','CO'),
('9010','OFFICE SUPPLIES & ST','OF');

/*Table structure for table `master_mp_type` */

DROP TABLE IF EXISTS `master_mp_type`;

CREATE TABLE `master_mp_type` (
  `mp_code` varchar(4) NOT NULL,
  `mp_name` varchar(20) NOT NULL,
  PRIMARY KEY (`mp_code`)
) ENGINE=InnoDB DEFAULT CHARSET=latin1;

/*Data for the table `master_mp_type` */

insert  into `master_mp_type`(`mp_code`,`mp_name`) values 
('MP01','Pulsa'),
('MP02','Food');

/*Table structure for table `master_pc_type` */

DROP TABLE IF EXISTS `master_pc_type`;

CREATE TABLE `master_pc_type` (
  `pc_code` varchar(4) NOT NULL,
  `pc_name` varchar(20) DEFAULT NULL,
  `account_code` varchar(20) DEFAULT NULL,
  PRIMARY KEY (`pc_code`)
) ENGINE=InnoDB DEFAULT CHARSET=latin1;

/*Data for the table `master_pc_type` */

insert  into `master_pc_type`(`pc_code`,`pc_name`,`account_code`) values 
('0000','OTHERS MARKETING','5020220000'),
('0003','PROMOTION EXPENSES','5020200000'),
('0010','OPERATING SUPPLIES','5010410010'),
('1000','BANK COMM & CHARGES','7002000000'),
('1010','PETROL','5010401010'),
('1020','TOLL & PARKING','5010401020'),
('1030','ACCOMODATION','5010401030'),
('1050','TRAVELLING ON DUTY -','5010401050'),
('1060','TRAVELLING ON DUTY -','5010401060'),
('2010','LEGAL & PEMIT','5010412010'),
('2040','ALLOWANCE - MEAL','5010402040'),
('3110','R & M - PLANT & MACH','5010403110'),
('3130','R & M - BUILDING','5010403130'),
('3140','R & M - MOTOR VEHICL','5010403140'),
('3160','R & M - JASA','5010403160'),
('4020','DONATION','5010414020'),
('4030','ENTERTAINMENT','5010414030'),
('4220','HANDLING CHARGES','5010414220'),
('5010','ELECTRICITY CHARGES','5010405010'),
('6010','TELEPHONE, TELEX, FA','5010406010'),
('6020','COURIER SERVICE/POST','5010406020'),
('7000','RENT OTHERS','5010407000'),
('7100','RENT BUILDING','5010407100'),
('7200','RENT MOTOR VEHICLE','5010407200'),
('9010','OFFICE SUPPLIES & ST','5010409010');

/*Table structure for table `master_rekening_bank` */

DROP TABLE IF EXISTS `master_rekening_bank`;

CREATE TABLE `master_rekening_bank` (
  `rek_no` varchar(30) NOT NULL,
  `bank` varchar(30) DEFAULT NULL,
  `rek_name` varchar(50) DEFAULT NULL,
  PRIMARY KEY (`rek_no`)
) ENGINE=InnoDB DEFAULT CHARSET=latin1;

/*Data for the table `master_rekening_bank` */

insert  into `master_rekening_bank`(`rek_no`,`bank`,`rek_name`) values 
('1234','BCA','Test');

/*Table structure for table `master_supplier` */

DROP TABLE IF EXISTS `master_supplier`;

CREATE TABLE `master_supplier` (
  `supp_code` varchar(8) NOT NULL,
  `supp_name` varchar(30) DEFAULT NULL,
  `rek_no` varchar(30) DEFAULT NULL,
  `bank_name` varchar(30) DEFAULT NULL,
  `akun_name` varchar(30) DEFAULT NULL,
  PRIMARY KEY (`supp_code`),
  UNIQUE KEY `rek_no` (`rek_no`)
) ENGINE=InnoDB DEFAULT CHARSET=latin1;

/*Data for the table `master_supplier` */

insert  into `master_supplier`(`supp_code`,`supp_name`,`rek_no`,`bank_name`,`akun_name`) values 
('SUPP-001','Supplier 1','1234','BNI','Supplier 1');

/*Table structure for table `master_user` */

DROP TABLE IF EXISTS `master_user`;

CREATE TABLE `master_user` (
  `id` int(11) NOT NULL AUTO_INCREMENT,
  `dept_code` varchar(10) DEFAULT NULL,
  `area_code` varchar(3) DEFAULT NULL,
  `cost_center_code` varchar(10) DEFAULT NULL,
  `group_id` int(11) DEFAULT NULL,
  `username` varchar(20) DEFAULT NULL,
  `password` varchar(100) DEFAULT NULL,
  `worker_code` varchar(8) DEFAULT NULL,
  `division` varchar(3) DEFAULT NULL,
  `customer_id` varchar(10) DEFAULT NULL,
  `wh_code` varchar(10) DEFAULT NULL,
  `position` varchar(10) DEFAULT NULL,
  `rek_no` varchar(30) DEFAULT NULL,
  `veh_no` varchar(10) DEFAULT NULL,
  `cookie` varchar(100) DEFAULT NULL,
  `status` tinyint(1) DEFAULT '1',
  `image` varchar(100) DEFAULT 'assets/malindo/img/user/default.png',
  `insert_date` timestamp NULL DEFAULT CURRENT_TIMESTAMP,
  `modify_date` timestamp NULL DEFAULT NULL,
  `insert_by` int(11) DEFAULT NULL,
  `modify_by` int(11) DEFAULT NULL,
  PRIMARY KEY (`id`),
  KEY `area_code` (`area_code`),
  KEY `rek_no` (`rek_no`),
  KEY `veh_no` (`veh_no`),
  KEY `group_id` (`group_id`),
  KEY `dept_code` (`dept_code`),
  KEY `cost_center_code` (`cost_center_code`),
  KEY `worker_code` (`worker_code`),
  KEY `customer_id` (`customer_id`),
  KEY `wh_code` (`wh_code`),
  CONSTRAINT `master_user_ibfk_10` FOREIGN KEY (`customer_id`) REFERENCES `master_customer` (`customer_id`) ON UPDATE CASCADE,
  CONSTRAINT `master_user_ibfk_11` FOREIGN KEY (`wh_code`) REFERENCES `master_wh` (`wh_code`) ON UPDATE CASCADE,
  CONSTRAINT `master_user_ibfk_2` FOREIGN KEY (`area_code`) REFERENCES `master_area` (`area_code`) ON UPDATE CASCADE,
  CONSTRAINT `master_user_ibfk_4` FOREIGN KEY (`rek_no`) REFERENCES `master_rekening_bank` (`rek_no`) ON UPDATE CASCADE,
  CONSTRAINT `master_user_ibfk_5` FOREIGN KEY (`veh_no`) REFERENCES `master_vehicle` (`veh_no`) ON UPDATE CASCADE,
  CONSTRAINT `master_user_ibfk_6` FOREIGN KEY (`group_id`) REFERENCES `_group` (`id`) ON UPDATE CASCADE,
  CONSTRAINT `master_user_ibfk_7` FOREIGN KEY (`dept_code`) REFERENCES `master_department` (`dept_code`) ON UPDATE CASCADE,
  CONSTRAINT `master_user_ibfk_8` FOREIGN KEY (`cost_center_code`) REFERENCES `master_cost_center` (`cost_center_code`) ON UPDATE CASCADE,
  CONSTRAINT `master_user_ibfk_9` FOREIGN KEY (`worker_code`) REFERENCES `master_worker` (`worker_code`) ON UPDATE CASCADE
) ENGINE=InnoDB AUTO_INCREMENT=7 DEFAULT CHARSET=latin1;

/*Data for the table `master_user` */

insert  into `master_user`(`id`,`dept_code`,`area_code`,`cost_center_code`,`group_id`,`username`,`password`,`worker_code`,`division`,`customer_id`,`wh_code`,`position`,`rek_no`,`veh_no`,`cookie`,`status`,`image`,`insert_date`,`modify_date`,`insert_by`,`modify_by`) values 
(1,'D008','CKR','C001',1,'admin','$2a$08$KsREUNpHWKSH7/BNGNIg5.WdavajNAbKvYOej8Lip1ip2pxmBFxhC','000001','02','CA000001','CKR-01','Staff','1234',NULL,NULL,1,'assets/malindo/img/user/default.png','2019-07-04 13:18:17',NULL,NULL,NULL);

/*Table structure for table `master_vehicle` */

DROP TABLE IF EXISTS `master_vehicle`;

CREATE TABLE `master_vehicle` (
  `veh_no` varchar(10) NOT NULL,
  `jenis` varchar(20) DEFAULT NULL,
  PRIMARY KEY (`veh_no`)
) ENGINE=InnoDB DEFAULT CHARSET=latin1;

/*Data for the table `master_vehicle` */

/*Table structure for table `master_wh` */

DROP TABLE IF EXISTS `master_wh`;

CREATE TABLE `master_wh` (
  `wh_code` varchar(10) NOT NULL,
  `description` varchar(30) DEFAULT NULL,
  PRIMARY KEY (`wh_code`)
) ENGINE=InnoDB DEFAULT CHARSET=latin1;

/*Data for the table `master_wh` */

insert  into `master_wh`(`wh_code`,`description`) values 
('CKR-01','Cikarang');

/*Table structure for table `master_worker` */

DROP TABLE IF EXISTS `master_worker`;

CREATE TABLE `master_worker` (
  `worker_code` varchar(10) NOT NULL,
  `description` varchar(30) DEFAULT NULL,
  PRIMARY KEY (`worker_code`)
) ENGINE=InnoDB DEFAULT CHARSET=latin1;

/*Data for the table `master_worker` */

insert  into `master_worker`(`worker_code`,`description`) values 
('000001','Malindo'),
('000002','Andi Kusumo');

/*Table structure for table `memo_payment` */

DROP TABLE IF EXISTS `memo_payment`;

CREATE TABLE `memo_payment` (
  `no_ref` varchar(30) NOT NULL,
  `user_id` int(11) DEFAULT NULL,
  `supp_code` varchar(8) DEFAULT NULL,
  `mp_code` varchar(4) DEFAULT NULL,
  `date` date DEFAULT NULL,
  `to_dept` varchar(10) DEFAULT NULL,
  `subject` tinytext,
  `amount` decimal(16,2) DEFAULT NULL,
  `pay_date` date DEFAULT NULL,
  `pay_desc` tinytext,
  `total_amount` decimal(16,2) DEFAULT NULL,
  `post` tinyint(1) DEFAULT '0',
  `import` tinyint(1) DEFAULT '0',
  `cancel` tinyint(1) DEFAULT '0',
  `journal_num_ax` varchar(20) DEFAULT NULL,
  `pph` decimal(10,0) DEFAULT '0',
  `insert_date` timestamp NOT NULL DEFAULT CURRENT_TIMESTAMP,
  `modify_date` timestamp NULL DEFAULT NULL,
  `insert_by` int(11) DEFAULT NULL,
  `modify_by` int(11) DEFAULT NULL,
  PRIMARY KEY (`no_ref`),
  KEY `user_id` (`user_id`),
  KEY `supp_code` (`supp_code`),
  KEY `mp_code` (`mp_code`),
  KEY `to_dept` (`to_dept`),
  CONSTRAINT `memo_payment_ibfk_1` FOREIGN KEY (`user_id`) REFERENCES `master_user` (`id`) ON DELETE SET NULL ON UPDATE CASCADE,
  CONSTRAINT `memo_payment_ibfk_3` FOREIGN KEY (`supp_code`) REFERENCES `master_supplier` (`supp_code`) ON UPDATE CASCADE,
  CONSTRAINT `memo_payment_ibfk_4` FOREIGN KEY (`mp_code`) REFERENCES `master_mp_type` (`mp_code`) ON UPDATE CASCADE,
  CONSTRAINT `memo_payment_ibfk_5` FOREIGN KEY (`to_dept`) REFERENCES `master_department` (`dept_code`) ON UPDATE CASCADE
) ENGINE=InnoDB DEFAULT CHARSET=latin1;

/*Data for the table `memo_payment` */

/*Table structure for table `memo_payment_file` */

DROP TABLE IF EXISTS `memo_payment_file`;

CREATE TABLE `memo_payment_file` (
  `id` int(11) NOT NULL AUTO_INCREMENT,
  `no_ref` varchar(30) DEFAULT NULL,
  `file` varchar(100) DEFAULT NULL,
  PRIMARY KEY (`id`),
  KEY `no_ref` (`no_ref`),
  CONSTRAINT `memo_payment_file_ibfk_1` FOREIGN KEY (`no_ref`) REFERENCES `memo_payment` (`no_ref`) ON DELETE CASCADE ON UPDATE CASCADE
) ENGINE=InnoDB DEFAULT CHARSET=latin1;

/*Data for the table `memo_payment_file` */

/*Table structure for table `migrations` */

DROP TABLE IF EXISTS `migrations`;

CREATE TABLE `migrations` (
  `version` bigint(20) NOT NULL
) ENGINE=InnoDB DEFAULT CHARSET=utf8;

/*Data for the table `migrations` */

insert  into `migrations`(`version`) values 
(2);

/*Table structure for table `monthly_expense` */

DROP TABLE IF EXISTS `monthly_expense`;

CREATE TABLE `monthly_expense` (
  `id` int(11) NOT NULL AUTO_INCREMENT,
  `user_id` int(11) DEFAULT NULL,
  `month` date DEFAULT NULL,
  `sum` decimal(16,2) DEFAULT NULL,
  `post` tinyint(1) DEFAULT '0',
  `import` tinyint(1) DEFAULT '0',
  `cancel` tinyint(1) DEFAULT '0',
  `ax_journal_num` varchar(20) DEFAULT NULL,
  `pph` decimal(10,0) DEFAULT '0',
  `insert_date` timestamp NOT NULL DEFAULT CURRENT_TIMESTAMP,
  `insert_by` int(11) DEFAULT NULL,
  `modify_date` timestamp NOT NULL DEFAULT CURRENT_TIMESTAMP,
  `modify_by` int(11) DEFAULT NULL,
  PRIMARY KEY (`id`),
  KEY `user_id` (`user_id`),
  CONSTRAINT `monthly_expense_ibfk_1` FOREIGN KEY (`user_id`) REFERENCES `master_user` (`id`) ON UPDATE CASCADE
) ENGINE=InnoDB AUTO_INCREMENT=17 DEFAULT CHARSET=latin1;

/*Data for the table `monthly_expense` */

/*Table structure for table `monthly_expense_detail` */

DROP TABLE IF EXISTS `monthly_expense_detail`;

CREATE TABLE `monthly_expense_detail` (
  `id` int(11) NOT NULL AUTO_INCREMENT,
  `me_code` varchar(4) DEFAULT NULL,
  `me_id` int(11) DEFAULT NULL,
  `trans_date` date DEFAULT NULL,
  `description` varchar(30) DEFAULT NULL,
  `km_begin` int(11) DEFAULT NULL,
  `km_end` int(11) DEFAULT NULL,
  `liter` decimal(5,2) DEFAULT NULL,
  `amount` decimal(16,2) DEFAULT NULL,
  `remark` varchar(30) DEFAULT NULL,
  PRIMARY KEY (`id`),
  KEY `me_id` (`me_id`),
  KEY `me_code` (`me_code`),
  CONSTRAINT `monthly_expense_detail_ibfk_1` FOREIGN KEY (`me_id`) REFERENCES `monthly_expense` (`id`) ON DELETE CASCADE ON UPDATE CASCADE,
  CONSTRAINT `monthly_expense_detail_ibfk_3` FOREIGN KEY (`me_code`) REFERENCES `master_me_type` (`me_code`) ON UPDATE CASCADE
) ENGINE=InnoDB AUTO_INCREMENT=156 DEFAULT CHARSET=latin1;

/*Data for the table `monthly_expense_detail` */

/*Table structure for table `monthly_expense_file` */

DROP TABLE IF EXISTS `monthly_expense_file`;

CREATE TABLE `monthly_expense_file` (
  `id` int(11) NOT NULL AUTO_INCREMENT,
  `me_id` int(11) DEFAULT NULL,
  `file` varchar(100) DEFAULT NULL,
  PRIMARY KEY (`id`),
  KEY `monthly_expense_file_ibfk_1` (`me_id`),
  CONSTRAINT `monthly_expense_file_ibfk_1` FOREIGN KEY (`me_id`) REFERENCES `monthly_expense` (`id`) ON DELETE CASCADE ON UPDATE CASCADE
) ENGINE=InnoDB DEFAULT CHARSET=latin1;

/*Data for the table `monthly_expense_file` */

/*Table structure for table `petty_chash` */

DROP TABLE IF EXISTS `petty_chash`;

CREATE TABLE `petty_chash` (
  `pc_no` varchar(30) NOT NULL,
  `user_id` int(11) DEFAULT NULL,
  `pc_unpaid` varchar(30) DEFAULT NULL,
  `date_from` date DEFAULT NULL,
  `date_to` date DEFAULT NULL,
  `amount` decimal(16,2) DEFAULT NULL,
  `post` tinyint(1) DEFAULT '0',
  `import` tinyint(1) DEFAULT '0',
  `cancel` tinyint(1) DEFAULT '0',
  `journal_ax_num` varchar(20) DEFAULT NULL,
  `pph` decimal(10,0) DEFAULT '0',
  `insert_date` timestamp NOT NULL DEFAULT CURRENT_TIMESTAMP,
  `modify_date` timestamp NOT NULL DEFAULT '0000-00-00 00:00:00',
  `insert_by` int(11) DEFAULT NULL,
  `modify_by` int(11) DEFAULT NULL,
  PRIMARY KEY (`pc_no`),
  KEY `user_id` (`user_id`),
  KEY `pc_unpaid` (`pc_unpaid`),
  CONSTRAINT `petty_chash_ibfk_1` FOREIGN KEY (`user_id`) REFERENCES `master_user` (`id`) ON DELETE SET NULL ON UPDATE CASCADE,
  CONSTRAINT `petty_chash_ibfk_2` FOREIGN KEY (`pc_unpaid`) REFERENCES `petty_chash` (`pc_no`) ON UPDATE CASCADE
) ENGINE=InnoDB DEFAULT CHARSET=latin1;

/*Data for the table `petty_chash` */

/*Table structure for table `petty_chash_detail` */

DROP TABLE IF EXISTS `petty_chash_detail`;

CREATE TABLE `petty_chash_detail` (
  `id` int(11) NOT NULL AUTO_INCREMENT,
  `pc_no` varchar(30) DEFAULT NULL,
  `bkk_no` varchar(20) DEFAULT NULL,
  `trans_date` date DEFAULT NULL,
  `remark` varchar(50) DEFAULT NULL,
  `pc_code` varchar(4) DEFAULT NULL,
  `amount` decimal(16,2) DEFAULT NULL,
  PRIMARY KEY (`id`),
  KEY `pc_no` (`pc_no`),
  CONSTRAINT `petty_chash_detail_ibfk_1` FOREIGN KEY (`pc_no`) REFERENCES `petty_chash` (`pc_no`) ON DELETE CASCADE ON UPDATE CASCADE
) ENGINE=InnoDB AUTO_INCREMENT=77 DEFAULT CHARSET=latin1;

/*Data for the table `petty_chash_detail` */

/*Table structure for table `petty_chash_file` */

DROP TABLE IF EXISTS `petty_chash_file`;

CREATE TABLE `petty_chash_file` (
  `id` int(11) NOT NULL AUTO_INCREMENT,
  `pc_no` varchar(30) DEFAULT NULL,
  `file` varchar(100) DEFAULT NULL,
  PRIMARY KEY (`id`),
  KEY `pc_no` (`pc_no`),
  CONSTRAINT `petty_chash_file_ibfk_1` FOREIGN KEY (`pc_no`) REFERENCES `petty_chash` (`pc_no`) ON DELETE CASCADE ON UPDATE CASCADE
) ENGINE=InnoDB DEFAULT CHARSET=latin1;

/*Data for the table `petty_chash_file` */

/*Table structure for table `seq_memo_payment` */

DROP TABLE IF EXISTS `seq_memo_payment`;

CREATE TABLE `seq_memo_payment` (
  `id` int(11) NOT NULL AUTO_INCREMENT,
  PRIMARY KEY (`id`)
) ENGINE=InnoDB DEFAULT CHARSET=latin1;

/*Data for the table `seq_memo_payment` */

/*Table structure for table `seq_petty_cash` */

DROP TABLE IF EXISTS `seq_petty_cash`;

CREATE TABLE `seq_petty_cash` (
  `id` int(11) NOT NULL AUTO_INCREMENT,
  PRIMARY KEY (`id`)
) ENGINE=InnoDB DEFAULT CHARSET=latin1;

/*Data for the table `seq_petty_cash` */

/*!40101 SET SQL_MODE=@OLD_SQL_MODE */;
/*!40014 SET FOREIGN_KEY_CHECKS=@OLD_FOREIGN_KEY_CHECKS */;
/*!40014 SET UNIQUE_CHECKS=@OLD_UNIQUE_CHECKS */;
/*!40111 SET SQL_NOTES=@OLD_SQL_NOTES */;
